Date,6,5,3,2,1,total,위험자산비중,rebal
2021-04-09,23.33%,46.67%,0.00%,30.00%,0.00%,100.00%,30.00%,True
2021-04-12,23.29%,46.61%,0.00%,30.10%,0.00%,100.00%,30.10%,False
2021-04-13,23.19%,46.41%,0.00%,30.41%,0.00%,100.00%,30.41%,False
2021-04-14,23.15%,46.36%,0.00%,30.49%,0.00%,100.00%,30.49%,False
2021-04-15,23.16%,46.34%,0.00%,30.50%,0.00%,100.00%,30.50%,False
2021-04-16,23.13%,46.28%,0.00%,30.59%,0.00%,100.00%,30.59%,False
2021-04-19,23.08%,46.20%,0.00%,30.73%,0.00%,100.00%,30.73%,False
2021-04-20,23.09%,46.20%,0.00%,30.71%,0.00%,100.00%,30.71%,False
2021-04-21,23.19%,46.41%,0.00%,30.40%,0.00%,100.00%,30.40%,False
2021-04-22,23.17%,46.39%,0.00%,30.44%,0.00%,100.00%,30.44%,False
2021-04-23,23.17%,46.38%,0.00%,30.45%,0.00%,100.00%,30.45%,False
2021-04-26,23.15%,46.31%,0.00%,30.54%,0.00%,100.00%,30.54%,False
2021-04-27,23.20%,46.43%,0.00%,30.38%,0.00%,100.00%,30.38%,False
2021-04-28,23.36%,46.73%,0.00%,29.91%,0.00%,100.00%,29.91%,False
2021-04-29,23.46%,46.96%,0.00%,29.57%,0.00%,100.00%,29.57%,False
2021-04-30,23.33%,46.67%,0.00%,0.00%,30.00%,100.00%,30.00%,True
2021-05-03,23.28%,46.56%,0.00%,0.00%,30.16%,100.00%,30.16%,False
2021-05-04,23.33%,46.64%,0.00%,0.00%,30.04%,100.00%,30.04%,False
2021-05-06,23.37%,46.75%,0.00%,0.00%,29.88%,100.00%,29.88%,False
2021-05-07,23.34%,46.68%,0.00%,0.00%,29.98%,100.00%,29.98%,False
2021-05-10,23.34%,46.68%,0.00%,0.00%,29.98%,100.00%,29.98%,False
2021-05-11,23.47%,46.95%,0.00%,0.00%,29.58%,100.00%,29.58%,False
2021-05-12,23.46%,46.93%,0.00%,0.00%,29.61%,100.00%,29.61%,False
2021-05-13,23.55%,47.10%,0.00%,0.00%,29.35%,100.00%,29.35%,False
2021-05-14,23.47%,46.94%,0.00%,0.00%,29.59%,100.00%,29.59%,False
2021-05-17,23.35%,46.70%,0.00%,0.00%,29.95%,100.00%,29.95%,False
2021-05-18,23.36%,46.74%,0.00%,0.00%,29.91%,100.00%,29.91%,False
2021-05-20,23.45%,46.91%,0.00%,0.00%,29.64%,100.00%,29.64%,False
2021-05-21,23.36%,46.75%,0.00%,0.00%,29.89%,100.00%,29.89%,False
2021-05-24,23.38%,46.78%,0.00%,0.00%,29.85%,100.00%,29.85%,False
2021-05-25,23.30%,46.61%,0.00%,0.00%,30.09%,100.00%,30.09%,False
2021-05-26,23.35%,46.70%,0.00%,0.00%,29.94%,100.00%,29.94%,False
2021-05-27,23.35%,46.73%,0.00%,0.00%,29.91%,100.00%,29.91%,False
2021-05-28,23.36%,46.72%,0.00%,0.00%,29.92%,100.00%,29.92%,False
2021-05-31,23.33%,46.67%,0.00%,0.00%,30.00%,100.00%,30.00%,True
2021-06-01,23.36%,46.74%,0.00%,0.00%,29.90%,100.00%,29.90%,False
2021-06-02,23.33%,46.69%,0.00%,0.00%,29.98%,100.00%,29.98%,False
2021-06-03,23.32%,46.66%,0.00%,0.00%,30.02%,100.00%,30.02%,False
2021-06-04,23.36%,46.73%,0.00%,0.00%,29.91%,100.00%,29.91%,False
2021-06-07,23.30%,46.62%,0.00%,0.00%,30.08%,100.00%,30.08%,False
2021-06-08,23.25%,46.55%,0.00%,0.00%,30.20%,100.00%,30.20%,False
2021-06-09,23.25%,46.56%,0.00%,0.00%,30.19%,100.00%,30.19%,False
2021-06-10,23.25%,46.54%,0.00%,0.00%,30.21%,100.00%,30.21%,False
2021-06-11,23.24%,46.49%,0.00%,0.00%,30.28%,100.00%,30.28%,False
2021-06-14,23.17%,46.38%,0.00%,0.00%,30.45%,100.00%,30.45%,False
2021-06-15,23.12%,46.27%,0.00%,0.00%,30.61%,100.00%,30.61%,False
2021-06-16,23.16%,46.34%,0.00%,0.00%,30.50%,100.00%,30.50%,False
2021-06-17,23.16%,46.31%,0.00%,0.00%,30.53%,100.00%,30.53%,False
2021-06-18,23.05%,46.13%,0.00%,0.00%,30.83%,100.00%,30.83%,False
2021-06-21,23.13%,46.25%,0.00%,0.00%,30.62%,100.00%,30.62%,False
2021-06-22,23.06%,46.14%,0.00%,0.00%,30.80%,100.00%,30.80%,False
2021-06-23,22.96%,45.97%,0.00%,0.00%,31.07%,100.00%,31.07%,False
2021-06-24,22.99%,45.98%,0.00%,0.00%,31.03%,100.00%,31.03%,False
2021-06-25,23.01%,45.97%,0.00%,0.00%,31.02%,100.00%,31.02%,False
2021-06-28,22.98%,45.92%,0.00%,0.00%,31.10%,100.00%,31.10%,False
2021-06-29,22.95%,45.87%,0.00%,0.00%,31.18%,100.00%,31.18%,False
2021-06-30,23.33%,46.67%,0.00%,0.00%,30.00%,100.00%,30.00%,True
2021-07-01,23.28%,46.59%,0.00%,0.00%,30.12%,100.00%,30.12%,False
2021-07-02,23.27%,46.55%,0.00%,0.00%,30.18%,100.00%,30.18%,False
2021-07-05,23.22%,46.48%,0.00%,0.00%,30.29%,100.00%,30.29%,False
2021-07-06,23.23%,46.50%,0.00%,0.00%,30.27%,100.00%,30.27%,False
2021-07-07,23.17%,46.38%,0.00%,0.00%,30.45%,100.00%,30.45%,False
2021-07-08,23.12%,46.31%,0.00%,0.00%,30.57%,100.00%,30.57%,False
2021-07-09,23.13%,46.33%,0.00%,0.00%,30.54%,100.00%,30.54%,False
2021-07-12,23.08%,46.23%,0.00%,0.00%,30.69%,100.00%,30.69%,False
2021-07-13,23.07%,46.19%,0.00%,0.00%,30.74%,100.00%,30.74%,False
2021-07-14,23.05%,46.19%,0.00%,0.00%,30.75%,100.00%,30.75%,False
2021-07-15,23.10%,46.19%,0.00%,0.00%,30.70%,100.00%,30.70%,False
2021-07-16,23.14%,46.32%,0.00%,0.00%,30.55%,100.00%,30.55%,False
2021-07-19,23.16%,46.37%,0.00%,0.00%,30.47%,100.00%,30.47%,False
2021-07-20,23.18%,46.41%,0.00%,0.00%,30.41%,100.00%,30.41%,False
2021-07-21,23.10%,46.26%,0.00%,0.00%,30.64%,100.00%,30.64%,False
2021-07-22,23.06%,46.17%,0.00%,0.00%,30.77%,100.00%,30.77%,False
2021-07-23,23.00%,46.07%,0.00%,0.00%,30.93%,100.00%,30.93%,False
2021-07-26,22.94%,45.96%,0.00%,0.00%,31.11%,100.00%,31.11%,False
2021-07-27,22.95%,46.00%,0.00%,0.00%,31.06%,100.00%,31.06%,False
2021-07-28,22.97%,46.00%,0.00%,0.00%,31.02%,100.00%,31.02%,False
2021-07-29,23.01%,46.08%,0.00%,0.00%,30.91%,100.00%,30.91%,False
2021-07-30,23.33%,46.67%,0.00%,0.00%,30.00%,100.00%,30.00%,True
2021-08-02,23.25%,46.50%,0.00%,0.00%,30.24%,100.00%,30.24%,False
2021-08-03,23.30%,46.59%,0.00%,0.00%,30.11%,100.00%,30.11%,False
2021-08-04,23.29%,46.58%,0.00%,0.00%,30.13%,100.00%,30.13%,False
2021-08-05,23.30%,46.60%,0.00%,0.00%,30.11%,100.00%,30.11%,False
2021-08-06,23.27%,46.55%,0.00%,0.00%,30.18%,100.00%,30.18%,False
2021-08-09,23.29%,46.57%,0.00%,0.00%,30.13%,100.00%,30.13%,False
2021-08-10,23.24%,46.48%,0.00%,0.00%,30.28%,100.00%,30.28%,False
2021-08-11,23.20%,46.42%,0.00%,0.00%,30.38%,100.00%,30.38%,False
2021-08-12,23.18%,46.36%,0.00%,0.00%,30.46%,100.00%,30.46%,False
2021-08-13,23.10%,46.20%,0.00%,0.00%,30.70%,100.00%,30.70%,False
2021-08-17,23.04%,46.09%,0.00%,0.00%,30.87%,100.00%,30.87%,False
2021-08-18,23.12%,46.27%,0.00%,0.00%,30.61%,100.00%,30.61%,False
2021-08-19,23.19%,46.43%,0.00%,0.00%,30.38%,100.00%,30.38%,False
2021-08-20,23.11%,46.28%,0.00%,0.00%,30.61%,100.00%,30.61%,False
2021-08-23,23.06%,46.15%,0.00%,0.00%,30.79%,100.00%,30.79%,False
2021-08-24,23.04%,46.06%,0.00%,0.00%,30.90%,100.00%,30.90%,False
2021-08-25,23.02%,46.05%,0.00%,0.00%,30.93%,100.00%,30.93%,False
2021-08-26,23.01%,46.03%,0.00%,0.00%,30.96%,100.00%,30.96%,False
2021-08-27,23.01%,46.06%,0.00%,0.00%,30.93%,100.00%,30.93%,False
2021-08-30,22.98%,46.01%,0.00%,0.00%,31.01%,100.00%,31.01%,False
2021-08-31,23.33%,46.67%,0.00%,0.00%,30.00%,100.00%,30.00%,True
2021-09-01,23.37%,46.70%,0.00%,0.00%,29.93%,100.00%,29.93%,False
2021-09-02,23.36%,46.69%,0.00%,0.00%,29.95%,100.00%,29.95%,False
2021-09-03,23.37%,46.70%,0.00%,0.00%,29.93%,100.00%,29.93%,False
2021-09-06,23.37%,46.68%,0.00%,0.00%,29.96%,100.00%,29.96%,False
2021-09-07,23.35%,46.66%,0.00%,0.00%,29.99%,100.00%,29.99%,False
2021-09-08,23.33%,46.57%,0.00%,0.00%,30.10%,100.00%,30.10%,False
2021-09-09,23.35%,46.62%,0.00%,0.00%,30.03%,100.00%,30.03%,False
2021-09-10,23.34%,46.61%,0.00%,0.00%,30.05%,100.00%,30.05%,False
2021-09-13,23.36%,46.62%,0.00%,0.00%,30.02%,100.00%,30.02%,False
2021-09-14,23.39%,46.68%,0.00%,0.00%,29.93%,100.00%,29.93%,False
2021-09-15,23.42%,46.78%,0.00%,0.00%,29.80%,100.00%,29.80%,False
2021-09-16,23.38%,46.67%,0.00%,0.00%,29.95%,100.00%,29.95%,False
2021-09-17,23.35%,46.61%,0.00%,0.00%,30.04%,100.00%,30.04%,False
2021-09-23,23.47%,46.84%,0.00%,0.00%,29.69%,100.00%,29.69%,False
2021-09-24,23.43%,46.73%,0.00%,0.00%,29.85%,100.00%,29.85%,False
2021-09-27,23.38%,46.63%,0.00%,0.00%,29.98%,100.00%,29.98%,False
2021-09-28,23.44%,46.71%,0.00%,0.00%,29.85%,100.00%,29.85%,False
2021-09-29,23.56%,46.95%,0.00%,0.00%,29.49%,100.00%,29.49%,False
2021-09-30,23.33%,46.67%,0.00%,0.00%,30.00%,100.00%,30.00%,True
2021-10-01,23.48%,46.91%,0.00%,0.00%,29.61%,100.00%,29.61%,False
2021-10-05,23.47%,46.92%,0.00%,0.00%,29.61%,100.00%,29.61%,False
2021-10-06,23.44%,46.78%,0.00%,0.00%,29.78%,100.00%,29.78%,False
2021-10-07,23.30%,46.53%,0.00%,0.00%,30.17%,100.00%,30.17%,False
2021-10-08,23.27%,46.48%,0.00%,0.00%,30.24%,100.00%,30.24%,False
2021-10-12,23.37%,46.60%,0.00%,0.00%,30.03%,100.00%,30.03%,False
2021-10-13,23.40%,46.66%,0.00%,0.00%,29.94%,100.00%,29.94%,False
2021-10-14,23.35%,46.57%,0.00%,0.00%,30.08%,100.00%,30.08%,False
2021-10-15,23.28%,46.43%,0.00%,0.00%,30.30%,100.00%,30.30%,False
2021-10-18,23.27%,46.34%,0.00%,0.00%,30.40%,100.00%,30.40%,False
2021-10-19,23.22%,46.28%,0.00%,0.00%,30.51%,100.00%,30.51%,False
2021-10-20,23.22%,46.28%,0.00%,0.00%,30.50%,100.00%,30.50%,False
2021-10-21,23.19%,46.25%,0.00%,0.00%,30.56%,100.00%,30.56%,False
2021-10-22,23.17%,46.17%,0.00%,0.00%,30.66%,100.00%,30.66%,False
2021-10-25,23.23%,46.28%,0.00%,0.00%,30.49%,100.00%,30.49%,False
2021-10-26,23.16%,46.14%,0.00%,0.00%,30.70%,100.00%,30.70%,False
2021-10-27,23.16%,46.06%,0.00%,0.00%,30.78%,100.00%,30.78%,False
2021-10-28,23.16%,46.10%,0.00%,0.00%,30.75%,100.00%,30.75%,False
2021-10-29,23.33%,46.67%,0.00%,30.00%,0.00%,100.00%,30.00%,True
2021-11-01,23.29%,46.59%,0.00%,30.13%,0.00%,100.00%,30.13%,False
2021-11-02,23.20%,46.44%,0.00%,30.36%,0.00%,100.00%,30.36%,False
2021-11-03,23.25%,46.54%,0.00%,30.21%,0.00%,100.00%,30.21%,False
2021-11-04,23.23%,46.53%,0.00%,30.24%,0.00%,100.00%,30.24%,False
2021-11-05,23.18%,46.50%,0.00%,30.32%,0.00%,100.00%,30.32%,False
2021-11-08,23.20%,46.56%,0.00%,30.24%,0.00%,100.00%,30.24%,False
2021-11-09,23.17%,46.49%,0.00%,30.34%,0.00%,100.00%,30.34%,False
2021-11-10,23.30%,46.75%,0.00%,29.95%,0.00%,100.00%,29.95%,False
2021-11-11,23.26%,46.67%,0.00%,30.06%,0.00%,100.00%,30.06%,False
2021-11-12,23.18%,46.47%,0.00%,30.35%,0.00%,100.00%,30.35%,False
2021-11-15,23.04%,46.23%,0.00%,30.73%,0.00%,100.00%,30.73%,False
2021-11-16,23.04%,46.18%,0.00%,30.79%,0.00%,100.00%,30.79%,False
2021-11-17,23.12%,46.34%,0.00%,30.54%,0.00%,100.00%,30.54%,False
2021-11-18,23.12%,46.36%,0.00%,30.51%,0.00%,100.00%,30.51%,False
2021-11-19,23.08%,46.26%,0.00%,30.66%,0.00%,100.00%,30.66%,False
2021-11-22,23.01%,46.10%,0.00%,30.88%,0.00%,100.00%,30.88%,False
2021-11-23,23.14%,46.35%,0.00%,30.51%,0.00%,100.00%,30.51%,False
2021-11-24,23.10%,46.31%,0.00%,30.59%,0.00%,100.00%,30.59%,False
2021-11-25,23.16%,46.45%,0.00%,30.39%,0.00%,100.00%,30.39%,False
2021-11-26,23.24%,46.66%,0.00%,30.10%,0.00%,100.00%,30.10%,False
2021-11-29,23.27%,46.73%,0.00%,30.00%,0.00%,100.00%,30.00%,False
2021-11-30,23.33%,46.67%,0.00%,30.00%,0.00%,100.00%,30.00%,True
2021-12-01,23.22%,46.47%,0.00%,30.32%,0.00%,100.00%,30.32%,False
2021-12-02,23.19%,46.38%,0.00%,30.42%,0.00%,100.00%,30.42%,False
2021-12-03,23.09%,46.16%,0.00%,30.75%,0.00%,100.00%,30.75%,False
2021-12-06,23.12%,46.24%,0.00%,30.64%,0.00%,100.00%,30.64%,False
2021-12-07,23.07%,46.12%,0.00%,30.81%,0.00%,100.00%,30.81%,False
2021-12-08,23.01%,46.02%,0.00%,30.98%,0.00%,100.00%,30.98%,False
2021-12-09,22.93%,45.88%,0.00%,31.19%,0.00%,100.00%,31.19%,False
2021-12-10,23.03%,46.05%,0.00%,30.92%,0.00%,100.00%,30.92%,False
2021-12-13,23.04%,46.11%,0.00%,30.84%,0.00%,100.00%,30.84%,False
2021-12-14,23.08%,46.17%,0.00%,30.75%,0.00%,100.00%,30.75%,False
2021-12-15,23.06%,46.13%,0.00%,30.81%,0.00%,100.00%,30.81%,False
2021-12-16,23.02%,46.08%,0.00%,30.89%,0.00%,100.00%,30.89%,False
2021-12-17,23.07%,46.16%,0.00%,30.77%,0.00%,100.00%,30.77%,False
2021-12-20,23.13%,46.34%,0.00%,30.52%,0.00%,100.00%,30.52%,False
2021-12-21,23.08%,46.24%,0.00%,30.68%,0.00%,100.00%,30.68%,False
2021-12-22,23.07%,46.19%,0.00%,30.74%,0.00%,100.00%,30.74%,False
2021-12-23,23.04%,46.10%,0.00%,30.85%,0.00%,100.00%,30.85%,False
2021-12-24,23.01%,46.04%,0.00%,30.95%,0.00%,100.00%,30.95%,False
2021-12-27,22.98%,46.01%,0.00%,31.01%,0.00%,100.00%,31.01%,False
2021-12-28,22.85%,45.73%,0.00%,31.41%,0.00%,100.00%,31.41%,False
2021-12-29,22.93%,45.89%,0.00%,31.18%,0.00%,100.00%,31.18%,False
2021-12-30,23.33%,46.67%,0.00%,30.00%,0.00%,100.00%,30.00%,True
2022-01-04,23.40%,46.76%,0.00%,29.84%,0.00%,100.00%,29.84%,False
2022-01-05,23.54%,46.99%,0.00%,29.47%,0.00%,100.00%,29.47%,False
2022-01-06,23.71%,47.23%,0.00%,29.07%,0.00%,100.00%,29.07%,False
2022-01-07,23.63%,47.08%,0.00%,29.30%,0.00%,100.00%,29.30%,False
2022-01-10,23.71%,47.26%,0.00%,29.03%,0.00%,100.00%,29.03%,False
2022-01-11,23.72%,47.28%,0.00%,28.99%,0.00%,100.00%,28.99%,False
2022-01-12,23.57%,47.02%,0.00%,29.41%,0.00%,100.00%,29.41%,False
2022-01-13,23.63%,47.16%,0.00%,29.21%,0.00%,100.00%,29.21%,False
2022-01-14,23.77%,47.36%,0.00%,28.87%,0.00%,100.00%,28.87%,False
2022-01-17,23.82%,47.41%,0.00%,28.77%,0.00%,100.00%,28.77%,False
2022-01-18,23.89%,47.57%,0.00%,28.53%,0.00%,100.00%,28.53%,False
2022-01-19,23.95%,47.73%,0.00%,28.32%,0.00%,100.00%,28.32%,False
2022-01-20,23.85%,47.48%,0.00%,28.67%,0.00%,100.00%,28.67%,False
2022-01-21,23.94%,47.68%,0.00%,28.38%,0.00%,100.00%,28.38%,False
2022-01-24,24.06%,47.92%,0.00%,28.02%,0.00%,100.00%,28.02%,False
2022-01-25,24.23%,48.23%,0.00%,27.54%,0.00%,100.00%,27.54%,False
2022-01-26,24.29%,48.38%,0.00%,27.33%,0.00%,100.00%,27.33%,False
2022-01-27,24.57%,48.87%,0.00%,26.56%,0.00%,100.00%,26.56%,False
2022-01-28,23.33%,46.67%,0.00%,30.00%,0.00%,100.00%,30.00%,True
2022-02-03,23.22%,46.46%,0.00%,30.32%,0.00%,100.00%,30.32%,False
2022-02-04,23.15%,46.28%,0.00%,30.57%,0.00%,100.00%,30.57%,False
2022-02-07,23.25%,46.45%,0.00%,30.31%,0.00%,100.00%,30.31%,False
2022-02-08,23.27%,46.43%,0.00%,30.30%,0.00%,100.00%,30.30%,False
2022-02-09,23.14%,46.21%,0.00%,30.66%,0.00%,100.00%,30.66%,False
2022-02-10,23.19%,46.33%,0.00%,30.48%,0.00%,100.00%,30.48%,False
2022-02-11,23.33%,46.53%,0.00%,30.13%,0.00%,100.00%,30.13%,False
2022-02-15,23.49%,46.90%,0.00%,29.61%,0.00%,100.00%,29.61%,False
2022-02-16,23.26%,46.45%,0.00%,30.29%,0.00%,100.00%,30.29%,False
2022-02-17,23.27%,46.49%,0.00%,30.24%,0.00%,100.00%,30.24%,False
2022-02-18,23.27%,46.45%,0.00%,30.28%,0.00%,100.00%,30.28%,False
2022-02-21,23.26%,46.43%,0.00%,30.31%,0.00%,100.00%,30.31%,False
2022-02-22,23.37%,46.66%,0.00%,29.97%,0.00%,100.00%,29.97%,False
2022-02-23,23.31%,46.56%,0.00%,30.13%,0.00%,100.00%,30.13%,False
2022-02-24,23.50%,46.98%,0.00%,29.52%,0.00%,100.00%,29.52%,False
2022-02-25,23.34%,46.65%,0.00%,30.02%,0.00%,100.00%,30.02%,False
2022-02-28,23.33%,46.67%,0.00%,30.00%,0.00%,100.00%,30.00%,True
2022-03-02,23.28%,46.59%,0.00%,30.13%,0.00%,100.00%,30.13%,False
2022-03-03,23.14%,46.31%,0.00%,30.55%,0.00%,100.00%,30.55%,False
2022-03-04,23.29%,46.55%,0.00%,30.16%,0.00%,100.00%,30.16%,False
2022-03-07,23.45%,46.86%,0.00%,29.70%,0.00%,100.00%,29.70%,False
2022-03-08,23.52%,47.00%,0.00%,29.48%,0.00%,100.00%,29.48%,False
2022-03-10,23.33%,46.65%,0.00%,30.03%,0.00%,100.00%,30.03%,False
2022-03-11,23.36%,46.68%,0.00%,29.97%,0.00%,100.00%,29.97%,False
2022-03-14,23.44%,46.87%,0.00%,29.70%,0.00%,100.00%,29.70%,False
2022-03-15,23.49%,46.93%,0.00%,29.58%,0.00%,100.00%,29.58%,False
2022-03-16,23.33%,46.66%,0.00%,30.01%,0.00%,100.00%,30.01%,False
2022-03-17,23.18%,46.36%,0.00%,30.46%,0.00%,100.00%,30.46%,False
2022-03-18,23.14%,46.27%,0.00%,30.59%,0.00%,100.00%,30.59%,False
2022-03-21,23.24%,46.44%,0.00%,30.32%,0.00%,100.00%,30.32%,False
2022-03-22,23.22%,46.32%,0.00%,30.46%,0.00%,100.00%,30.46%,False
2022-03-23,23.15%,46.20%,0.00%,30.65%,0.00%,100.00%,30.65%,False
2022-03-24,23.20%,46.24%,0.00%,30.57%,0.00%,100.00%,30.57%,False
2022-03-25,23.21%,46.26%,0.00%,30.53%,0.00%,100.00%,30.53%,False
2022-03-28,23.30%,46.28%,0.00%,30.42%,0.00%,100.00%,30.42%,False
2022-03-29,23.19%,46.15%,0.00%,30.66%,0.00%,100.00%,30.66%,False
2022-03-30,23.17%,46.15%,0.00%,30.68%,0.00%,100.00%,30.68%,False
2022-03-31,23.33%,46.67%,0.00%,30.00%,0.00%,100.00%,30.00%,True
2022-04-01,23.40%,46.72%,0.00%,29.88%,0.00%,100.00%,29.88%,False
2022-04-04,23.36%,46.63%,0.00%,30.00%,0.00%,100.00%,30.00%,False
2022-04-05,23.35%,46.58%,0.00%,30.07%,0.00%,100.00%,30.07%,False
2022-04-06,23.48%,46.74%,0.00%,29.78%,0.00%,100.00%,29.78%,False
2022-04-07,23.52%,46.91%,0.00%,29.57%,0.00%,100.00%,29.57%,False
2022-04-08,23.51%,46.83%,0.00%,29.66%,0.00%,100.00%,29.66%,False
2022-04-11,23.63%,46.94%,0.00%,29.43%,0.00%,100.00%,29.43%,False
2022-04-12,23.67%,47.07%,0.00%,29.25%,0.00%,100.00%,29.25%,False
2022-04-13,23.53%,46.85%,0.00%,29.62%,0.00%,100.00%,29.62%,False
2022-04-14,23.54%,46.94%,0.00%,29.51%,0.00%,100.00%,29.51%,False
2022-04-15,23.62%,47.03%,0.00%,29.35%,0.00%,100.00%,29.35%,False
2022-04-18,23.64%,47.08%,0.00%,29.27%,0.00%,100.00%,29.27%,False
2022-04-19,23.53%,46.84%,0.00%,29.63%,0.00%,100.00%,29.63%,False
2022-04-20,23.56%,46.93%,0.00%,29.51%,0.00%,100.00%,29.51%,False
2022-04-21,23.54%,46.90%,0.00%,29.56%,0.00%,100.00%,29.56%,False
2022-04-22,23.64%,47.04%,0.00%,29.32%,0.00%,100.00%,29.32%,False
2022-04-25,23.77%,47.39%,0.00%,28.84%,0.00%,100.00%,28.84%,False
2022-04-26,23.69%,47.26%,0.00%,29.06%,0.00%,100.00%,29.06%,False
2022-04-27,23.79%,47.45%,0.00%,28.75%,0.00%,100.00%,28.75%,False
2022-04-28,23.80%,47.41%,0.00%,28.79%,0.00%,100.00%,28.79%,False
2022-04-29,23.33%,46.67%,0.00%,0.00%,30.00%,100.00%,30.00%,True
2022-05-03,23.47%,46.83%,0.00%,0.00%,29.70%,100.00%,29.70%,False
2022-05-04,23.46%,46.77%,0.00%,0.00%,29.77%,100.00%,29.77%,False
2022-05-06,23.52%,46.93%,0.00%,0.00%,29.55%,100.00%,29.55%,False
2022-05-10,23.71%,47.37%,0.00%,0.00%,28.92%,100.00%,28.92%,False
2022-05-11,23.69%,47.39%,0.00%,0.00%,28.92%,100.00%,28.92%,False
2022-05-12,23.83%,47.70%,0.00%,0.00%,28.47%,100.00%,28.47%,False
2022-05-13,23.78%,47.61%,0.00%,0.00%,28.60%,100.00%,28.60%,False
2022-05-16,23.73%,47.46%,0.00%,0.00%,28.81%,100.00%,28.81%,False
2022-05-17,23.72%,47.44%,0.00%,0.00%,28.83%,100.00%,28.83%,False
2022-05-18,23.68%,47.34%,0.00%,0.00%,28.98%,100.00%,28.98%,False
2022-05-19,23.92%,47.83%,0.00%,0.00%,28.25%,100.00%,28.25%,False
2022-05-20,23.94%,47.90%,0.00%,0.00%,28.16%,100.00%,28.16%,False
2022-05-23,23.98%,47.76%,0.00%,0.00%,28.27%,100.00%,28.27%,False
2022-05-24,23.99%,48.04%,0.00%,0.00%,27.97%,100.00%,27.97%,False
2022-05-25,23.96%,48.00%,0.00%,0.00%,28.04%,100.00%,28.04%,False
2022-05-26,23.93%,47.92%,0.00%,0.00%,28.15%,100.00%,28.15%,False
2022-05-27,23.82%,47.72%,0.00%,0.00%,28.46%,100.00%,28.46%,False
2022-05-30,23.62%,47.32%,0.00%,0.00%,29.05%,100.00%,29.05%,False
2022-05-31,23.33%,46.67%,0.00%,0.00%,30.00%,100.00%,30.00%,True
2022-06-02,23.36%,46.67%,0.00%,0.00%,29.97%,100.00%,29.97%,False
2022-06-03,23.26%,46.47%,0.00%,0.00%,30.26%,100.00%,30.26%,False
2022-06-07,23.36%,46.60%,0.00%,0.00%,30.03%,100.00%,30.03%,False
2022-06-08,23.30%,46.48%,0.00%,0.00%,30.22%,100.00%,30.22%,False
2022-06-09,23.33%,46.56%,0.00%,0.00%,30.10%,100.00%,30.10%,False
2022-06-10,23.41%,46.71%,0.00%,0.00%,29.88%,100.00%,29.88%,False
2022-06-13,23.74%,47.26%,0.00%,0.00%,29.00%,100.00%,29.00%,False
2022-06-14,23.80%,47.33%,0.00%,0.00%,28.87%,100.00%,28.87%,False
2022-06-15,23.85%,47.37%,0.00%,0.00%,28.77%,100.00%,28.77%,False
2022-06-16,23.82%,47.32%,0.00%,0.00%,28.86%,100.00%,28.86%,False
2022-06-17,23.99%,47.62%,0.00%,0.00%,28.40%,100.00%,28.40%,False
2022-06-20,23.93%,47.50%,0.00%,0.00%,28.56%,100.00%,28.56%,False
2022-06-21,23.87%,47.38%,0.00%,0.00%,28.75%,100.00%,28.75%,False
2022-06-22,23.85%,47.41%,0.00%,0.00%,28.73%,100.00%,28.73%,False
2022-06-23,23.76%,47.24%,0.00%,0.00%,29.00%,100.00%,29.00%,False
2022-06-24,23.62%,47.00%,0.00%,0.00%,29.38%,100.00%,29.38%,False
2022-06-27,23.53%,46.79%,0.00%,0.00%,29.69%,100.00%,29.69%,False
2022-06-28,23.53%,46.81%,0.00%,0.00%,29.66%,100.00%,29.66%,False
2022-06-29,23.66%,47.04%,0.00%,0.00%,29.30%,100.00%,29.30%,False
2022-06-30,23.33%,46.67%,-0.00%,0.00%,30.00%,100.00%,30.00%,True
2022-07-01,23.37%,46.84%,-0.00%,0.00%,29.79%,100.00%,29.79%,False
2022-07-04,23.28%,46.67%,-0.00%,0.00%,30.04%,100.00%,30.04%,False
2022-07-05,23.17%,46.56%,-0.00%,0.00%,30.27%,100.00%,30.27%,False
2022-07-06,23.13%,46.55%,-0.00%,0.00%,30.32%,100.00%,30.32%,False
2022-07-07,23.08%,46.43%,-0.00%,0.00%,30.49%,100.00%,30.49%,False
2022-07-08,23.02%,46.28%,-0.00%,0.00%,30.70%,100.00%,30.70%,False
2022-07-11,23.04%,46.29%,-0.00%,0.00%,30.67%,100.00%,30.67%,False
2022-07-12,23.07%,46.38%,-0.00%,0.00%,30.55%,100.00%,30.55%,False
2022-07-13,23.09%,46.49%,-0.00%,0.00%,30.42%,100.00%,30.42%,False
2022-07-14,23.15%,46.54%,-0.00%,0.00%,30.32%,100.00%,30.32%,False
2022-07-15,23.01%,46.34%,-0.00%,0.00%,30.65%,100.00%,30.65%,False
2022-07-18,22.90%,46.12%,-0.00%,0.00%,30.98%,100.00%,30.98%,False
2022-07-19,23.01%,46.33%,-0.00%,0.00%,30.67%,100.00%,30.67%,False
2022-07-20,22.82%,45.89%,-0.00%,0.00%,31.29%,100.00%,31.29%,False
2022-07-21,22.78%,45.82%,-0.00%,0.00%,31.40%,100.00%,31.40%,False
2022-07-22,22.71%,45.72%,-0.00%,0.00%,31.57%,100.00%,31.57%,False
2022-07-25,22.76%,45.85%,-0.00%,0.00%,31.39%,100.00%,31.39%,False
2022-07-26,22.81%,45.95%,-0.00%,0.00%,31.24%,100.00%,31.24%,False
2022-07-27,22.79%,45.92%,-0.00%,0.00%,31.29%,100.00%,31.29%,False
2022-07-28,22.74%,45.81%,-0.00%,0.00%,31.46%,100.00%,31.46%,False
2022-07-29,23.33%,46.67%,0.00%,0.00%,30.00%,100.00%,30.00%,True
2022-08-01,23.31%,46.55%,0.00%,0.00%,30.14%,100.00%,30.14%,False
2022-08-02,23.31%,46.60%,0.00%,0.00%,30.09%,100.00%,30.09%,False
2022-08-03,23.27%,46.51%,0.00%,0.00%,30.22%,100.00%,30.22%,False
2022-08-04,23.17%,46.29%,0.00%,0.00%,30.55%,100.00%,30.55%,False
2022-08-05,23.18%,46.32%,0.00%,0.00%,30.50%,100.00%,30.50%,False
2022-08-08,23.18%,46.29%,0.00%,0.00%,30.54%,100.00%,30.54%,False
2022-08-09,23.20%,46.34%,0.00%,0.00%,30.46%,100.00%,30.46%,False
2022-08-10,23.26%,46.44%,0.00%,0.00%,30.30%,100.00%,30.30%,False
2022-08-11,23.09%,46.11%,0.00%,0.00%,30.80%,100.00%,30.80%,False
2022-08-12,23.14%,46.16%,0.00%,0.00%,30.70%,100.00%,30.70%,False
2022-08-16,22.94%,45.86%,0.00%,0.00%,31.20%,100.00%,31.20%,False
2022-08-17,22.93%,45.80%,0.00%,0.00%,31.28%,100.00%,31.28%,False
2022-08-18,22.96%,45.85%,0.00%,0.00%,31.19%,100.00%,31.19%,False
2022-08-19,22.93%,45.76%,0.00%,0.00%,31.31%,100.00%,31.31%,False
2022-08-22,23.00%,45.85%,0.00%,0.00%,31.16%,100.00%,31.16%,False
2022-08-23,23.13%,46.07%,0.00%,0.00%,30.80%,100.00%,30.80%,False
2022-08-24,23.14%,46.11%,0.00%,0.00%,30.75%,100.00%,30.75%,False
2022-08-25,23.11%,45.89%,0.00%,0.00%,31.00%,100.00%,31.00%,False
2022-08-26,23.08%,45.88%,0.00%,0.00%,31.03%,100.00%,31.03%,False
2022-08-29,23.35%,46.30%,0.00%,0.00%,30.35%,100.00%,30.35%,False
2022-08-30,23.31%,46.27%,0.00%,0.00%,30.42%,100.00%,30.42%,False
2022-08-31,23.33%,46.67%,0.00%,0.00%,30.00%,100.00%,30.00%,True
2022-09-01,23.42%,46.80%,0.00%,0.00%,29.77%,100.00%,29.77%,False
2022-09-02,23.29%,46.62%,0.00%,0.00%,30.08%,100.00%,30.08%,False
2022-09-05,23.29%,46.73%,0.00%,0.00%,29.98%,100.00%,29.98%,False
2022-09-06,23.29%,46.62%,0.00%,0.00%,30.09%,100.00%,30.09%,False
2022-09-07,23.32%,46.67%,0.00%,0.00%,30.01%,100.00%,30.01%,False
2022-09-08,23.15%,46.43%,0.00%,0.00%,30.42%,100.00%,30.42%,False
2022-09-13,22.92%,45.99%,0.00%,0.00%,31.08%,100.00%,31.08%,False
2022-09-14,23.22%,46.51%,0.00%,0.00%,30.27%,100.00%,30.27%,False
2022-09-15,23.20%,46.39%,0.00%,0.00%,30.40%,100.00%,30.40%,False
2022-09-16,23.39%,46.74%,0.00%,0.00%,29.87%,100.00%,29.87%,False
2022-09-19,23.40%,46.78%,0.00%,0.00%,29.82%,100.00%,29.82%,False
2022-09-20,23.31%,46.58%,0.00%,0.00%,30.10%,100.00%,30.10%,False
2022-09-21,23.39%,46.69%,0.00%,0.00%,29.92%,100.00%,29.92%,False
2022-09-22,23.48%,46.76%,0.00%,0.00%,29.76%,100.00%,29.76%,False
2022-09-23,23.53%,46.87%,0.00%,0.00%,29.60%,100.00%,29.60%,False
2022-09-26,23.63%,46.85%,0.00%,0.00%,29.52%,100.00%,29.52%,False
2022-09-27,23.56%,46.84%,0.00%,0.00%,29.60%,100.00%,29.60%,False
2022-09-28,23.59%,46.92%,0.00%,0.00%,29.49%,100.00%,29.49%,False
2022-09-29,23.52%,46.70%,0.00%,0.00%,29.78%,100.00%,29.78%,False
2022-09-30,23.33%,46.67%,0.00%,0.00%,30.00%,100.00%,30.00%,True
2022-10-04,23.21%,46.55%,0.00%,0.00%,30.24%,100.00%,30.24%,False
2022-10-05,23.21%,46.49%,0.00%,0.00%,30.31%,100.00%,30.31%,False
2022-10-06,23.20%,46.46%,0.00%,0.00%,30.33%,100.00%,30.33%,False
2022-10-07,23.30%,46.55%,0.00%,0.00%,30.15%,100.00%,30.15%,False
2022-10-11,23.47%,46.89%,0.00%,0.00%,29.64%,100.00%,29.64%,False
2022-10-12,23.48%,47.02%,0.00%,0.00%,29.51%,100.00%,29.51%,False
2022-10-13,23.54%,47.08%,0.00%,0.00%,29.38%,100.00%,29.38%,False
2022-10-14,23.34%,46.68%,0.00%,0.00%,29.98%,100.00%,29.98%,False
2022-10-17,23.48%,46.93%,0.00%,0.00%,29.58%,100.00%,29.58%,False
2022-10-18,23.28%,46.52%,0.00%,0.00%,30.19%,100.00%,30.19%,False
2022-10-19,23.29%,46.52%,0.00%,0.00%,30.18%,100.00%,30.18%,False
2022-10-20,23.38%,46.64%,0.00%,0.00%,29.98%,100.00%,29.98%,False
2022-10-21,23.43%,46.60%,0.00%,0.00%,29.97%,100.00%,29.97%,False
2022-10-24,23.17%,46.25%,0.00%,0.00%,30.58%,100.00%,30.58%,False
2022-10-25,23.11%,46.20%,0.00%,0.00%,30.69%,100.00%,30.69%,False
2022-10-26,23.13%,46.25%,0.00%,0.00%,30.62%,100.00%,30.62%,False
2022-10-27,23.13%,46.28%,0.00%,0.00%,30.59%,100.00%,30.59%,False
2022-10-28,23.29%,46.63%,0.00%,0.00%,30.08%,100.00%,30.08%,False
2022-10-31,23.33%,46.67%,0.00%,30.00%,0.00%,100.00%,30.00%,True
2022-11-01,23.26%,46.61%,0.00%,30.12%,0.00%,100.00%,30.12%,False
2022-11-02,23.30%,46.67%,0.00%,30.03%,0.00%,100.00%,30.03%,False
2022-11-03,23.39%,46.80%,0.00%,29.81%,0.00%,100.00%,29.81%,False
2022-11-04,23.35%,46.81%,0.00%,29.84%,0.00%,100.00%,29.84%,False
2022-11-07,23.30%,46.62%,0.00%,30.08%,0.00%,100.00%,30.08%,False
2022-11-08,23.16%,46.34%,0.00%,30.50%,0.00%,100.00%,30.50%,False
2022-11-09,23.13%,46.34%,0.00%,30.53%,0.00%,100.00%,30.53%,False
2022-11-10,23.22%,46.56%,0.00%,30.23%,0.00%,100.00%,30.23%,False
2022-11-11,22.85%,45.93%,0.00%,31.22%,0.00%,100.00%,31.22%,False
2022-11-14,22.92%,46.09%,0.00%,30.98%,0.00%,100.00%,30.98%,False
2022-11-15,22.77%,45.84%,0.00%,31.39%,0.00%,100.00%,31.39%,False
2022-11-16,22.81%,45.85%,0.00%,31.34%,0.00%,100.00%,31.34%,False
2022-11-17,22.89%,46.06%,0.00%,31.05%,0.00%,100.00%,31.05%,False
2022-11-18,22.96%,46.15%,0.00%,30.90%,0.00%,100.00%,30.90%,False
2022-11-21,23.06%,46.39%,0.00%,30.54%,0.00%,100.00%,30.54%,False
2022-11-22,23.13%,46.54%,0.00%,30.33%,0.00%,100.00%,30.33%,False
2022-11-23,23.02%,46.29%,0.00%,30.69%,0.00%,100.00%,30.69%,False
2022-11-24,22.90%,46.16%,0.00%,30.94%,0.00%,100.00%,30.94%,False
2022-11-25,22.97%,46.29%,0.00%,30.74%,0.00%,100.00%,30.74%,False
2022-11-28,23.11%,46.58%,0.00%,30.30%,0.00%,100.00%,30.30%,False
2022-11-29,23.00%,46.34%,0.00%,30.66%,0.00%,100.00%,30.66%,False
2022-11-30,23.33%,46.67%,0.00%,30.00%,0.00%,100.00%,30.00%,True
2022-12-01,23.23%,46.46%,0.00%,30.30%,0.00%,100.00%,30.30%,False
2022-12-02,23.40%,46.78%,0.00%,29.82%,0.00%,100.00%,29.82%,False
2022-12-05,23.38%,46.76%,0.00%,29.86%,0.00%,100.00%,29.86%,False
2022-12-06,23.50%,46.97%,0.00%,29.53%,0.00%,100.00%,29.53%,False
2022-12-07,23.54%,47.04%,0.00%,29.42%,0.00%,100.00%,29.42%,False
2022-12-08,23.54%,47.06%,0.00%,29.40%,0.00%,100.00%,29.40%,False
2022-12-09,23.47%,46.89%,0.00%,29.64%,0.00%,100.00%,29.64%,False
2022-12-12,23.53%,47.05%,0.00%,29.42%,0.00%,100.00%,29.42%,False
2022-12-13,23.52%,47.01%,0.00%,29.47%,0.00%,100.00%,29.47%,False
2022-12-14,23.38%,46.80%,0.00%,29.82%,0.00%,100.00%,29.82%,False
2022-12-15,23.50%,47.06%,0.00%,29.44%,0.00%,100.00%,29.44%,False
2022-12-16,23.57%,47.18%,0.00%,29.25%,0.00%,100.00%,29.25%,False
2022-12-19,23.56%,47.17%,0.00%,29.26%,0.00%,100.00%,29.26%,False
2022-12-20,23.69%,47.33%,0.00%,28.98%,0.00%,100.00%,28.98%,False
2022-12-21,23.67%,47.33%,0.00%,29.00%,0.00%,100.00%,29.00%,False
2022-12-22,23.52%,47.07%,0.00%,29.40%,0.00%,100.00%,29.40%,False
2022-12-23,23.75%,47.49%,0.00%,28.76%,0.00%,100.00%,28.76%,False
2022-12-26,23.67%,47.33%,0.00%,29.00%,0.00%,100.00%,29.00%,False
2022-12-27,23.60%,47.15%,0.00%,29.25%,0.00%,100.00%,29.25%,False
2022-12-28,23.76%,47.43%,0.00%,28.81%,0.00%,100.00%,28.81%,False
2022-12-29,23.33%,46.67%,0.00%,30.00%,0.00%,100.00%,30.00%,True
2023-01-02,23.39%,46.76%,0.00%,29.85%,0.00%,100.00%,29.85%,False
2023-01-03,23.35%,46.79%,0.00%,29.87%,0.00%,100.00%,29.87%,False
2023-01-04,23.26%,46.62%,0.00%,30.11%,0.00%,100.00%,30.11%,False
2023-01-05,23.29%,46.68%,0.00%,30.03%,0.00%,100.00%,30.03%,False
2023-01-06,23.18%,46.43%,0.00%,30.39%,0.00%,100.00%,30.39%,False
2023-01-09,23.01%,46.18%,0.00%,30.81%,0.00%,100.00%,30.81%,False
2023-01-10,23.09%,46.34%,0.00%,30.57%,0.00%,100.00%,30.57%,False
2023-01-11,22.98%,46.14%,0.00%,30.88%,0.00%,100.00%,30.88%,False
2023-01-12,22.95%,46.11%,0.00%,30.94%,0.00%,100.00%,30.94%,False
2023-01-13,22.93%,46.15%,0.00%,30.92%,0.00%,100.00%,30.92%,False
2023-01-16,22.90%,46.00%,0.00%,31.10%,0.00%,100.00%,31.10%,False
2023-01-17,23.01%,46.22%,0.00%,30.78%,0.00%,100.00%,30.78%,False
2023-01-18,22.99%,46.25%,0.00%,30.76%,0.00%,100.00%,30.76%,False
2023-01-19,22.95%,46.24%,0.00%,30.81%,0.00%,100.00%,30.81%,False
2023-01-20,22.94%,46.13%,0.00%,30.93%,0.00%,100.00%,30.93%,False
2023-01-25,22.79%,45.87%,0.00%,31.34%,0.00%,100.00%,31.34%,False
2023-01-26,22.70%,45.68%,0.00%,31.62%,0.00%,100.00%,31.62%,False
2023-01-27,22.68%,45.63%,0.00%,31.69%,0.00%,100.00%,31.69%,False
2023-01-30,22.76%,45.83%,0.00%,31.41%,0.00%,100.00%,31.41%,False
2023-01-31,23.33%,46.67%,0.00%,30.00%,0.00%,100.00%,30.00%,True
2023-02-01,23.20%,46.46%,0.00%,30.34%,0.00%,100.00%,30.34%,False
2023-02-02,23.07%,46.22%,0.00%,30.71%,0.00%,100.00%,30.71%,False
2023-02-03,23.03%,46.19%,0.00%,30.78%,0.00%,100.00%,30.78%,False
2023-02-06,23.17%,46.37%,0.00%,30.46%,0.00%,100.00%,30.46%,False
2023-02-07,23.07%,46.13%,0.00%,30.80%,0.00%,100.00%,30.80%,False
2023-02-08,22.97%,45.93%,0.00%,31.11%,0.00%,100.00%,31.11%,False
2023-02-09,22.94%,45.84%,0.00%,31.23%,0.00%,100.00%,31.23%,False
2023-02-10,23.00%,45.98%,0.00%,31.02%,0.00%,100.00%,31.02%,False
2023-02-13,23.03%,45.98%,0.00%,30.99%,0.00%,100.00%,30.99%,False
2023-02-14,22.95%,45.85%,0.00%,31.20%,0.00%,100.00%,31.20%,False
2023-02-15,23.09%,46.10%,0.00%,30.82%,0.00%,100.00%,30.82%,False
2023-02-16,22.85%,45.62%,0.00%,31.53%,0.00%,100.00%,31.53%,False
2023-02-17,23.00%,45.83%,0.00%,31.18%,0.00%,100.00%,31.18%,False
2023-02-20,22.85%,45.54%,0.00%,31.61%,0.00%,100.00%,31.61%,False
2023-02-21,22.83%,45.49%,0.00%,31.68%,0.00%,100.00%,31.68%,False
2023-02-22,23.01%,45.82%,0.00%,31.18%,0.00%,100.00%,31.18%,False
2023-02-23,22.94%,45.72%,0.00%,31.33%,0.00%,100.00%,31.33%,False
2023-02-24,23.01%,45.90%,0.00%,31.10%,0.00%,100.00%,31.10%,False
2023-02-27,23.02%,45.85%,0.00%,31.12%,0.00%,100.00%,31.12%,False
2023-02-28,23.33%,46.67%,0.00%,30.00%,0.00%,100.00%,30.00%,True
2023-03-02,23.39%,46.74%,0.00%,29.87%,0.00%,100.00%,29.87%,False
2023-03-03,23.25%,46.52%,0.00%,30.23%,0.00%,100.00%,30.23%,False
2023-03-06,23.12%,46.24%,0.00%,30.64%,0.00%,100.00%,30.64%,False
2023-03-07,23.12%,46.31%,0.00%,30.57%,0.00%,100.00%,30.57%,False
2023-03-08,23.17%,46.34%,0.00%,30.48%,0.00%,100.00%,30.48%,False
2023-03-09,23.22%,46.44%,0.00%,30.33%,0.00%,100.00%,30.33%,False
2023-03-10,23.35%,46.73%,0.00%,29.92%,0.00%,100.00%,29.92%,False
2023-03-13,23.24%,46.71%,0.00%,30.06%,0.00%,100.00%,30.06%,False
2023-03-14,23.45%,47.22%,0.00%,29.32%,0.00%,100.00%,29.32%,False
2023-03-15,23.30%,46.81%,0.00%,29.89%,0.00%,100.00%,29.89%,False
2023-03-16,23.30%,46.86%,0.00%,29.84%,0.00%,100.00%,29.84%,False
2023-03-17,23.22%,46.63%,0.00%,30.15%,0.00%,100.00%,30.15%,False
2023-03-20,23.21%,46.70%,0.00%,30.09%,0.00%,100.00%,30.09%,False
2023-03-21,23.20%,46.69%,0.00%,30.11%,0.00%,100.00%,30.11%,False
2023-03-22,23.10%,46.50%,0.00%,30.41%,0.00%,100.00%,30.41%,False
2023-03-23,23.07%,46.51%,0.00%,30.41%,0.00%,100.00%,30.41%,False
2023-03-24,23.04%,46.45%,0.00%,30.51%,0.00%,100.00%,30.51%,False
2023-03-27,23.04%,46.42%,0.00%,30.54%,0.00%,100.00%,30.54%,False
2023-03-28,23.01%,46.33%,0.00%,30.65%,0.00%,100.00%,30.65%,False
2023-03-29,22.94%,46.18%,0.00%,30.88%,0.00%,100.00%,30.88%,False
2023-03-30,22.87%,46.04%,0.00%,31.09%,0.00%,100.00%,31.09%,False
2023-03-31,23.33%,46.67%,0.00%,30.00%,0.00%,100.00%,30.00%,True
2023-04-03,23.34%,46.61%,0.00%,30.05%,0.00%,100.00%,30.05%,False
2023-04-04,23.30%,46.60%,0.00%,30.10%,0.00%,100.00%,30.10%,False
2023-04-05,23.19%,46.39%,0.00%,30.42%,0.00%,100.00%,30.42%,False
2023-04-06,23.26%,46.56%,0.00%,30.17%,0.00%,100.00%,30.17%,False
2023-04-07,23.09%,46.21%,0.00%,30.70%,0.00%,100.00%,30.70%,False
2023-04-10,22.94%,45.93%,0.00%,31.14%,0.00%,100.00%,31.14%,False
2023-04-11,22.84%,45.71%,0.00%,31.46%,0.00%,100.00%,31.46%,False
2023-04-12,22.92%,45.86%,0.00%,31.22%,0.00%,100.00%,31.22%,False
2023-04-13,22.91%,45.87%,0.00%,31.23%,0.00%,100.00%,31.23%,False
2023-04-14,22.84%,45.72%,0.00%,31.44%,0.00%,100.00%,31.44%,False
2023-04-17,22.85%,45.67%,0.00%,31.48%,0.00%,100.00%,31.48%,False
2023-04-18,22.85%,45.70%,0.00%,31.45%,0.00%,100.00%,31.45%,False
2023-04-19,22.90%,45.75%,0.00%,31.35%,0.00%,100.00%,31.35%,False
2023-04-20,23.04%,46.02%,0.00%,30.94%,0.00%,100.00%,30.94%,False
2023-04-21,23.13%,46.24%,0.00%,30.64%,0.00%,100.00%,30.64%,False
2023-04-24,23.22%,46.47%,0.00%,30.31%,0.00%,100.00%,30.31%,False
2023-04-25,23.32%,46.65%,0.00%,30.03%,0.00%,100.00%,30.03%,False
2023-04-26,23.33%,46.67%,0.00%,30.00%,0.00%,100.00%,30.00%,False
2023-04-27,23.19%,46.38%,0.00%,30.42%,0.00%,100.00%,30.42%,False
2023-04-28,23.33%,46.67%,0.00%,0.00%,30.00%,100.00%,30.00%,True
2023-05-02,23.28%,46.50%,0.00%,0.00%,30.22%,100.00%,30.22%,False
2023-05-03,23.35%,46.68%,0.00%,0.00%,29.98%,100.00%,29.98%,False
2023-05-04,23.45%,46.93%,0.00%,0.00%,29.61%,100.00%,29.61%,False
2023-05-08,23.39%,46.80%,0.00%,0.00%,29.81%,100.00%,29.81%,False
2023-05-09,23.37%,46.75%,0.00%,0.00%,29.89%,100.00%,29.89%,False
2023-05-10,23.38%,46.78%,0.00%,0.00%,29.83%,100.00%,29.83%,False
2023-05-11,23.31%,46.68%,0.00%,0.00%,30.00%,100.00%,30.00%,False
2023-05-12,23.26%,46.58%,0.00%,0.00%,30.16%,100.00%,30.16%,False
2023-05-15,23.28%,46.56%,0.00%,0.00%,30.15%,100.00%,30.15%,False
2023-05-16,23.26%,46.55%,0.00%,0.00%,30.19%,100.00%,30.19%,False
2023-05-17,23.25%,46.55%,0.00%,0.00%,30.19%,100.00%,30.19%,False
2023-05-19,23.14%,46.27%,0.00%,0.00%,30.59%,100.00%,30.59%,False
2023-05-22,23.20%,46.41%,0.00%,0.00%,30.39%,100.00%,30.39%,False
2023-05-23,23.23%,46.43%,0.00%,0.00%,30.33%,100.00%,30.33%,False
2023-05-25,23.24%,46.36%,0.00%,0.00%,30.40%,100.00%,30.40%,False
2023-05-26,23.20%,46.27%,0.00%,0.00%,30.53%,100.00%,30.53%,False
2023-05-30,23.04%,45.94%,0.00%,0.00%,31.01%,100.00%,31.01%,False
2023-05-31,23.33%,46.67%,0.00%,0.00%,30.00%,100.00%,30.00%,True
2023-06-01,23.38%,46.72%,0.00%,0.00%,29.90%,100.00%,29.90%,False
2023-06-02,23.36%,46.73%,0.00%,0.00%,29.91%,100.00%,29.91%,False
2023-06-05,23.32%,46.60%,0.00%,0.00%,30.08%,100.00%,30.08%,False
2023-06-07,23.33%,46.61%,0.00%,0.00%,30.05%,100.00%,30.05%,False
2023-06-08,23.43%,46.77%,0.00%,0.00%,29.80%,100.00%,29.80%,False
2023-06-09,23.41%,46.77%,0.00%,0.00%,29.82%,100.00%,29.82%,False
2023-06-12,23.38%,46.72%,0.00%,0.00%,29.90%,100.00%,29.90%,False
2023-06-13,23.37%,46.70%,0.00%,0.00%,29.93%,100.00%,29.93%,False
2023-06-14,23.33%,46.56%,0.00%,0.00%,30.11%,100.00%,30.11%,False
2023-06-15,23.31%,46.49%,0.00%,0.00%,30.21%,100.00%,30.21%,False
2023-06-16,23.25%,46.39%,0.00%,0.00%,30.36%,100.00%,30.36%,False
2023-06-19,23.24%,46.38%,0.00%,0.00%,30.38%,100.00%,30.38%,False
2023-06-20,23.25%,46.41%,0.00%,0.00%,30.34%,100.00%,30.34%,False
2023-06-21,23.21%,46.32%,0.00%,0.00%,30.47%,100.00%,30.47%,False
2023-06-22,23.28%,46.45%,0.00%,0.00%,30.28%,100.00%,30.28%,False
2023-06-23,23.19%,46.25%,0.00%,0.00%,30.56%,100.00%,30.56%,False
2023-06-26,23.20%,46.30%,0.00%,0.00%,30.51%,100.00%,30.51%,False
2023-06-27,23.27%,46.45%,0.00%,0.00%,30.28%,100.00%,30.28%,False
2023-06-28,23.18%,46.25%,0.00%,0.00%,30.57%,100.00%,30.57%,False
2023-06-29,23.10%,46.10%,0.00%,0.00%,30.81%,100.00%,30.81%,False
2023-06-30,23.33%,46.67%,0.00%,0.00%,30.00%,100.00%,30.00%,True
2023-07-07,23.38%,46.74%,0.00%,0.00%,29.87%,100.00%,29.87%,False
2023-07-10,23.44%,46.81%,0.00%,0.00%,29.76%,100.00%,29.76%,False
2023-07-14,23.39%,46.83%,0.00%,0.00%,29.78%,100.00%,29.78%,False
2023-07-17,23.39%,46.84%,0.00%,0.00%,29.77%,100.00%,29.77%,False
2023-07-19,23.28%,46.66%,0.00%,0.00%,30.06%,100.00%,30.06%,False
2023-07-20,23.28%,46.66%,0.00%,0.00%,30.05%,100.00%,30.05%,False
2023-07-21,23.29%,46.65%,0.00%,0.00%,30.07%,100.00%,30.07%,False
2023-07-24,23.32%,46.71%,0.00%,0.00%,29.96%,100.00%,29.96%,False
2023-07-26,23.31%,46.66%,0.00%,0.00%,30.03%,100.00%,30.03%,False
2023-07-28,23.33%,46.67%,0.00%,0.00%,30.00%,100.00%,30.00%,True
2023-08-03,23.30%,46.54%,0.00%,0.00%,30.17%,100.00%,30.17%,False
2023-08-04,23.22%,46.36%,0.00%,0.00%,30.41%,100.00%,30.41%,False
2023-08-07,23.28%,46.53%,0.00%,0.00%,30.18%,100.00%,30.18%,False
2023-08-08,23.22%,46.42%,0.00%,0.00%,30.36%,100.00%,30.36%,False
2023-08-09,23.21%,46.43%,0.00%,0.00%,30.35%,100.00%,30.35%,False
2023-08-10,23.27%,46.50%,0.00%,0.00%,30.23%,100.00%,30.23%,False
2023-08-11,23.25%,46.45%,0.00%,0.00%,30.30%,100.00%,30.30%,False
2023-08-14,23.27%,46.47%,0.00%,0.00%,30.27%,100.00%,30.27%,False
2023-08-16,23.23%,46.43%,0.00%,0.00%,30.34%,100.00%,30.34%,False
2023-08-17,23.28%,46.47%,0.00%,0.00%,30.24%,100.00%,30.24%,False
2023-08-18,23.36%,46.68%,0.00%,0.00%,29.96%,100.00%,29.96%,False
2023-08-21,23.36%,46.61%,0.00%,0.00%,30.03%,100.00%,30.03%,False
2023-08-22,23.30%,46.51%,0.00%,0.00%,30.19%,100.00%,30.19%,False
2023-08-23,23.27%,46.47%,0.00%,0.00%,30.25%,100.00%,30.25%,False
2023-08-24,23.23%,46.40%,0.00%,0.00%,30.37%,100.00%,30.37%,False
2023-08-25,23.42%,46.75%,0.00%,0.00%,29.83%,100.00%,29.83%,False
2023-08-28,23.36%,46.65%,0.00%,0.00%,30.00%,100.00%,30.00%,False
2023-08-29,23.31%,46.57%,0.00%,0.00%,30.12%,100.00%,30.12%,False
2023-08-30,23.18%,46.32%,0.00%,0.00%,30.50%,100.00%,30.50%,False
2023-08-31,23.33%,46.67%,0.00%,0.00%,30.00%,100.00%,30.00%,True
2023-09-01,23.36%,46.72%,0.00%,0.00%,29.92%,100.00%,29.92%,False
2023-09-04,23.34%,46.67%,0.00%,0.00%,29.99%,100.00%,29.99%,False
2023-09-05,23.32%,46.59%,0.00%,0.00%,30.09%,100.00%,30.09%,False
2023-09-06,23.31%,46.60%,0.00%,0.00%,30.09%,100.00%,30.09%,False
2023-09-07,23.38%,46.65%,0.00%,0.00%,29.97%,100.00%,29.97%,False
2023-09-08,23.38%,46.69%,0.00%,0.00%,29.93%,100.00%,29.93%,False
2023-09-11,23.38%,46.64%,0.00%,0.00%,29.98%,100.00%,29.98%,False
2023-09-12,23.36%,46.64%,0.00%,0.00%,30.00%,100.00%,30.00%,False
2023-09-13,23.42%,46.72%,0.00%,0.00%,29.86%,100.00%,29.86%,False
2023-09-14,23.39%,46.68%,0.00%,0.00%,29.94%,100.00%,29.94%,False
2023-09-15,23.34%,46.58%,0.00%,0.00%,30.08%,100.00%,30.08%,False
2023-09-18,23.46%,46.81%,0.00%,0.00%,29.73%,100.00%,29.73%,False
2023-09-19,23.45%,46.79%,0.00%,0.00%,29.76%,100.00%,29.76%,False
2023-09-20,23.45%,46.78%,0.00%,0.00%,29.77%,100.00%,29.77%,False
2023-09-21,23.51%,46.88%,0.00%,0.00%,29.61%,100.00%,29.61%,False
2023-09-22,23.60%,47.08%,0.00%,0.00%,29.32%,100.00%,29.32%,False
2023-09-25,23.61%,47.11%,0.00%,0.00%,29.28%,100.00%,29.28%,False
2023-09-26,23.58%,47.03%,0.00%,0.00%,29.39%,100.00%,29.39%,False
2023-09-27,23.33%,46.67%,0.00%,0.00%,30.00%,100.00%,30.00%,True
2023-10-04,23.39%,46.66%,0.00%,0.00%,29.95%,100.00%,29.95%,False
2023-10-05,23.33%,46.57%,0.00%,0.00%,30.09%,100.00%,30.09%,False
2023-10-06,23.34%,46.63%,0.00%,0.00%,30.03%,100.00%,30.03%,False
2023-10-10,23.20%,46.34%,0.00%,0.00%,30.46%,100.00%,30.46%,False
2023-10-11,23.20%,46.37%,0.00%,0.00%,30.42%,100.00%,30.42%,False
2023-10-12,23.13%,46.28%,0.00%,0.00%,30.58%,100.00%,30.58%,False
2023-10-13,23.15%,46.29%,0.00%,0.00%,30.56%,100.00%,30.56%,False
2023-10-16,23.17%,46.32%,0.00%,0.00%,30.51%,100.00%,30.51%,False
2023-10-17,23.13%,46.23%,0.00%,0.00%,30.65%,100.00%,30.65%,False
2023-10-18,23.18%,46.29%,0.00%,0.00%,30.54%,100.00%,30.54%,False
2023-10-19,23.24%,46.37%,0.00%,0.00%,30.39%,100.00%,30.39%,False
2023-10-20,23.34%,46.59%,0.00%,0.00%,30.07%,100.00%,30.07%,False
2023-10-23,23.38%,46.67%,0.00%,0.00%,29.94%,100.00%,29.94%,False
2023-10-24,23.41%,46.76%,0.00%,0.00%,29.83%,100.00%,29.83%,False
2023-10-25,23.38%,46.69%,0.00%,0.00%,29.92%,100.00%,29.92%,False
2023-10-26,23.51%,46.90%,0.00%,0.00%,29.59%,100.00%,29.59%,False
2023-10-27,23.54%,46.97%,0.00%,0.00%,29.50%,100.00%,29.50%,False
2023-10-30,23.56%,47.04%,0.00%,0.00%,29.40%,100.00%,29.40%,False
2023-10-31,23.33%,46.67%,0.00%,30.00%,0.00%,100.00%,30.00%,True
2023-11-01,23.28%,46.58%,0.00%,30.14%,0.00%,100.00%,30.14%,False
2023-11-02,23.03%,46.14%,0.00%,30.82%,0.00%,100.00%,30.82%,False
2023-11-03,22.97%,46.03%,0.00%,31.01%,0.00%,100.00%,31.01%,False
2023-11-06,22.29%,44.72%,0.00%,32.99%,0.00%,100.00%,32.99%,False
2023-11-07,22.55%,45.22%,0.00%,32.23%,0.00%,100.00%,32.23%,False
2023-11-08,22.67%,45.51%,0.00%,31.82%,0.00%,100.00%,31.82%,False
2023-11-09,22.70%,45.55%,0.00%,31.75%,0.00%,100.00%,31.75%,False
2023-11-10,22.79%,45.75%,0.00%,31.45%,0.00%,100.00%,31.45%,False
2023-11-13,22.85%,45.87%,0.00%,31.28%,0.00%,100.00%,31.28%,False
2023-11-14,22.72%,45.59%,0.00%,31.69%,0.00%,100.00%,31.69%,False
2023-11-15,22.57%,45.37%,0.00%,32.06%,0.00%,100.00%,32.06%,False
2023-11-16,22.58%,45.41%,0.00%,32.01%,0.00%,100.00%,32.01%,False
2023-11-17,22.67%,45.61%,0.00%,31.72%,0.00%,100.00%,31.72%,False
2023-11-20,22.56%,45.39%,0.00%,32.05%,0.00%,100.00%,32.05%,False
2023-11-21,22.53%,45.35%,0.00%,32.12%,0.00%,100.00%,32.12%,False
2023-11-22,22.55%,45.38%,0.00%,32.07%,0.00%,100.00%,32.07%,False
2023-11-23,22.53%,45.35%,0.00%,32.13%,0.00%,100.00%,32.13%,False
2023-11-24,22.59%,45.46%,0.00%,31.94%,0.00%,100.00%,31.94%,False
2023-11-27,22.62%,45.51%,0.00%,31.87%,0.00%,100.00%,31.87%,False
2023-11-28,22.53%,45.34%,0.00%,32.13%,0.00%,100.00%,32.13%,False
2023-11-29,22.49%,45.32%,0.00%,32.19%,0.00%,100.00%,32.19%,False
2023-11-30,23.33%,46.67%,0.00%,30.00%,0.00%,100.00%,30.00%,True
2023-12-01,23.39%,46.76%,0.00%,29.85%,0.00%,100.00%,29.85%,False
2023-12-04,23.36%,46.76%,0.00%,29.88%,0.00%,100.00%,29.88%,False
2023-12-05,23.45%,46.95%,0.00%,29.60%,0.00%,100.00%,29.60%,False
2023-12-06,23.41%,46.91%,0.00%,29.68%,0.00%,100.00%,29.68%,False
2023-12-07,23.46%,46.97%,0.00%,29.57%,0.00%,100.00%,29.57%,False
2023-12-08,23.32%,46.70%,0.00%,29.98%,0.00%,100.00%,29.98%,False
2023-12-11,23.29%,46.63%,0.00%,30.08%,0.00%,100.00%,30.08%,False
2023-12-12,23.25%,46.58%,0.00%,30.17%,0.00%,100.00%,30.17%,False
2023-12-13,23.36%,46.76%,0.00%,29.87%,0.00%,100.00%,29.87%,False
2023-12-14,23.22%,46.59%,0.00%,30.19%,0.00%,100.00%,30.19%,False
2023-12-15,23.21%,46.54%,0.00%,30.26%,0.00%,100.00%,30.26%,False
2023-12-18,23.12%,46.41%,0.00%,30.47%,0.00%,100.00%,30.47%,False
2023-12-19,23.07%,46.29%,0.00%,30.64%,0.00%,100.00%,30.64%,False
2023-12-20,22.99%,46.16%,0.00%,30.84%,0.00%,100.00%,30.84%,False
2023-12-21,23.05%,46.25%,0.00%,30.70%,0.00%,100.00%,30.70%,False
2023-12-22,23.07%,46.32%,0.00%,30.62%,0.00%,100.00%,30.62%,False
2023-12-26,23.08%,46.36%,0.00%,30.56%,0.00%,100.00%,30.56%,False
2023-12-27,22.98%,46.16%,0.00%,30.86%,0.00%,100.00%,30.86%,False
2023-12-28,23.33%,46.67%,0.00%,30.00%,0.00%,100.00%,30.00%,True
2024-01-02,23.30%,46.53%,0.00%,30.17%,0.00%,100.00%,30.17%,False
2024-01-03,23.47%,46.84%,0.00%,29.69%,0.00%,100.00%,29.69%,False
2024-01-04,23.52%,46.97%,0.00%,29.51%,0.00%,100.00%,29.51%,False
2024-01-05,23.48%,46.85%,0.00%,29.67%,0.00%,100.00%,29.67%,False
2024-01-08,23.50%,46.89%,0.00%,29.60%,0.00%,100.00%,29.60%,False
2024-01-09,23.48%,46.89%,0.00%,29.62%,0.00%,100.00%,29.62%,False
2024-01-10,23.58%,47.07%,0.00%,29.36%,0.00%,100.00%,29.36%,False
2024-01-11,23.53%,47.00%,0.00%,29.48%,0.00%,100.00%,29.48%,False
2024-01-12,23.63%,47.20%,0.00%,29.17%,0.00%,100.00%,29.17%,False
2024-01-15,23.67%,47.30%,0.00%,29.03%,0.00%,100.00%,29.03%,False
2024-01-16,23.74%,47.41%,0.00%,28.85%,0.00%,100.00%,28.85%,False
2024-01-17,23.92%,47.72%,0.00%,28.36%,0.00%,100.00%,28.36%,False
2024-01-19,23.86%,47.59%,0.00%,28.55%,0.00%,100.00%,28.55%,False
2024-01-22,23.90%,47.69%,0.00%,28.41%,0.00%,100.00%,28.41%,False
2024-01-23,23.88%,47.65%,0.00%,28.47%,0.00%,100.00%,28.47%,False
2024-01-24,23.92%,47.71%,0.00%,28.37%,0.00%,100.00%,28.37%,False
2024-01-25,23.97%,47.80%,0.00%,28.23%,0.00%,100.00%,28.23%,False
2024-01-26,23.86%,47.63%,0.00%,28.51%,0.00%,100.00%,28.51%,False
2024-01-29,23.90%,47.67%,0.00%,28.43%,0.00%,100.00%,28.43%,False
2024-01-30,23.80%,47.73%,0.00%,28.47%,0.00%,100.00%,28.47%,False
2024-01-31,23.33%,46.67%,0.00%,30.00%,0.00%,100.00%,30.00%,True
2024-02-01,23.26%,46.51%,0.00%,30.23%,0.00%,100.00%,30.23%,False
2024-02-02,23.05%,46.11%,0.00%,30.84%,0.00%,100.00%,30.84%,False
2024-02-05,23.16%,46.29%,0.00%,30.55%,0.00%,100.00%,30.55%,False
2024-02-06,23.17%,46.35%,0.00%,30.48%,0.00%,100.00%,30.48%,False
2024-02-07,23.09%,46.17%,0.00%,30.73%,0.00%,100.00%,30.73%,False
2024-02-08,23.01%,46.01%,0.00%,30.98%,0.00%,100.00%,30.98%,False
2024-02-13,22.90%,45.73%,0.00%,31.37%,0.00%,100.00%,31.37%,False
2024-02-14,22.94%,45.78%,0.00%,31.28%,0.00%,100.00%,31.28%,False
2024-02-15,22.92%,45.77%,0.00%,31.31%,0.00%,100.00%,31.31%,False
2024-02-16,22.88%,45.66%,0.00%,31.47%,0.00%,100.00%,31.47%,False
2024-02-19,22.81%,45.55%,0.00%,31.64%,0.00%,100.00%,31.64%,False
2024-02-20,22.82%,45.57%,0.00%,31.61%,0.00%,100.00%,31.61%,False
2024-02-21,22.82%,45.58%,0.00%,31.59%,0.00%,100.00%,31.59%,False
2024-02-22,22.78%,45.51%,0.00%,31.71%,0.00%,100.00%,31.71%,False
2024-02-23,22.76%,45.46%,0.00%,31.78%,0.00%,100.00%,31.78%,False
2024-02-26,22.76%,45.49%,0.00%,31.75%,0.00%,100.00%,31.75%,False
2024-02-27,22.86%,45.68%,0.00%,31.46%,0.00%,100.00%,31.46%,False
2024-02-28,22.75%,45.46%,0.00%,31.78%,0.00%,100.00%,31.78%,False
2024-02-29,23.33%,46.67%,0.00%,30.00%,0.00%,100.00%,30.00%,True
2024-03-04,23.23%,46.47%,0.00%,30.30%,0.00%,100.00%,30.30%,False
2024-03-05,23.27%,46.58%,0.00%,30.15%,0.00%,100.00%,30.15%,False
2024-03-06,23.27%,46.58%,0.00%,30.15%,0.00%,100.00%,30.15%,False
2024-03-07,23.29%,46.63%,0.00%,30.07%,0.00%,100.00%,30.07%,False
2024-03-08,23.17%,46.41%,0.00%,30.42%,0.00%,100.00%,30.42%,False
2024-03-11,23.18%,46.43%,0.00%,30.39%,0.00%,100.00%,30.39%,False
2024-03-12,23.07%,46.20%,0.00%,30.73%,0.00%,100.00%,30.73%,False
2024-03-13,23.07%,46.20%,0.00%,30.74%,0.00%,100.00%,30.74%,False
2024-03-14,23.04%,46.12%,0.00%,30.83%,0.00%,100.00%,30.83%,False
2024-03-15,23.17%,46.34%,0.00%,30.49%,0.00%,100.00%,30.49%,False
2024-03-18,23.08%,46.17%,0.00%,30.75%,0.00%,100.00%,30.75%,False
2024-03-19,23.12%,46.22%,0.00%,30.66%,0.00%,100.00%,30.66%,False
2024-03-20,23.06%,46.11%,0.00%,30.83%,0.00%,100.00%,30.83%,False
2024-03-21,22.90%,45.82%,0.00%,31.28%,0.00%,100.00%,31.28%,False
2024-03-22,22.90%,45.84%,0.00%,31.25%,0.00%,100.00%,31.25%,False
2024-03-25,22.84%,45.70%,0.00%,31.46%,0.00%,100.00%,31.46%,False
2024-03-26,22.79%,45.62%,0.00%,31.59%,0.00%,100.00%,31.59%,False
2024-03-27,22.81%,45.65%,0.00%,31.54%,0.00%,100.00%,31.54%,False
2024-03-28,22.83%,45.70%,0.00%,31.47%,0.00%,100.00%,31.47%,False
2024-03-29,23.33%,46.67%,0.00%,30.00%,0.00%,100.00%,30.00%,True
2024-04-01,23.31%,46.65%,0.00%,30.04%,0.00%,100.00%,30.04%,False
2024-04-02,23.42%,46.82%,0.00%,29.76%,0.00%,100.00%,29.76%,False
2024-04-03,23.54%,47.06%,0.00%,29.40%,0.00%,100.00%,29.40%,False
2024-04-04,23.49%,46.96%,0.00%,29.55%,0.00%,100.00%,29.55%,False
2024-04-05,23.58%,47.14%,0.00%,29.27%,0.00%,100.00%,29.27%,False
2024-04-08,23.60%,47.14%,0.00%,29.26%,0.00%,100.00%,29.26%,False
2024-04-09,23.63%,47.19%,0.00%,29.18%,0.00%,100.00%,29.18%,False
2024-04-11,23.65%,47.18%,0.00%,29.18%,0.00%,100.00%,29.18%,False
2024-04-12,23.68%,47.28%,0.00%,29.05%,0.00%,100.00%,29.05%,False
2024-04-15,23.72%,47.33%,0.00%,28.95%,0.00%,100.00%,28.95%,False
2024-04-16,23.87%,47.63%,0.00%,28.50%,0.00%,100.00%,28.50%,False
2024-04-17,23.95%,47.77%,0.00%,28.28%,0.00%,100.00%,28.28%,False
2024-04-18,23.78%,47.47%,0.00%,28.75%,0.00%,100.00%,28.75%,False
2024-04-19,23.89%,47.66%,0.00%,28.45%,0.00%,100.00%,28.45%,False
2024-04-22,23.81%,47.48%,0.00%,28.71%,0.00%,100.00%,28.71%,False
2024-04-23,23.81%,47.50%,0.00%,28.69%,0.00%,100.00%,28.69%,False
2024-04-24,23.66%,47.18%,0.00%,29.15%,0.00%,100.00%,29.15%,False
2024-04-25,23.79%,47.40%,0.00%,28.81%,0.00%,100.00%,28.81%,False
2024-04-26,23.74%,47.31%,0.00%,28.96%,0.00%,100.00%,28.96%,False
2024-04-29,23.66%,47.15%,0.00%,29.19%,0.00%,100.00%,29.19%,False
2024-04-30,23.33%,46.67%,0.00%,0.00%,30.00%,100.00%,30.00%,True
2024-05-02,23.48%,46.99%,0.00%,0.00%,29.54%,100.00%,29.54%,False
2024-05-03,23.49%,47.00%,0.00%,0.00%,29.52%,100.00%,29.52%,False
2024-05-07,23.34%,46.74%,0.00%,0.00%,29.92%,100.00%,29.92%,False
2024-05-08,23.30%,46.67%,0.00%,0.00%,30.02%,100.00%,30.02%,False
2024-05-09,23.30%,46.65%,0.00%,0.00%,30.06%,100.00%,30.06%,False
2024-05-10,23.26%,46.57%,0.00%,0.00%,30.18%,100.00%,30.18%,False
2024-05-13,23.23%,46.54%,0.00%,0.00%,30.23%,100.00%,30.23%,False
2024-05-14,23.24%,46.54%,0.00%,0.00%,30.22%,100.00%,30.22%,False
2024-05-16,23.21%,46.53%,0.00%,0.00%,30.26%,100.00%,30.26%,False
2024-05-17,23.18%,46.45%,0.00%,0.00%,30.37%,100.00%,30.37%,False
2024-05-20,23.17%,46.42%,0.00%,0.00%,30.41%,100.00%,30.41%,False
2024-05-21,23.11%,46.32%,0.00%,0.00%,30.57%,100.00%,30.57%,False
2024-05-22,23.10%,46.28%,0.00%,0.00%,30.61%,100.00%,30.61%,False
2024-05-23,23.07%,46.23%,0.00%,0.00%,30.71%,100.00%,30.71%,False
2024-05-24,23.12%,46.32%,0.00%,0.00%,30.56%,100.00%,30.56%,False
2024-05-27,23.09%,46.27%,0.00%,0.00%,30.64%,100.00%,30.64%,False
2024-05-28,23.11%,46.31%,0.00%,0.00%,30.59%,100.00%,30.59%,False
2024-05-29,23.11%,46.28%,0.00%,0.00%,30.61%,100.00%,30.61%,False
2024-05-30,23.10%,46.27%,0.00%,0.00%,30.63%,100.00%,30.63%,False
2024-05-31,23.33%,46.67%,0.00%,0.00%,30.00%,100.00%,30.00%,True
2024-06-03,23.32%,46.64%,0.00%,0.00%,30.04%,100.00%,30.04%,False
2024-06-04,23.33%,46.69%,0.00%,0.00%,29.99%,100.00%,29.99%,False
2024-06-05,23.30%,46.66%,0.00%,0.00%,30.04%,100.00%,30.04%,False
2024-06-07,23.23%,46.53%,0.00%,0.00%,30.24%,100.00%,30.24%,False
2024-06-10,23.21%,46.47%,0.00%,0.00%,30.33%,100.00%,30.33%,False
2024-06-11,23.16%,46.38%,0.00%,0.00%,30.46%,100.00%,30.46%,False
2024-06-12,23.13%,46.32%,0.00%,0.00%,30.55%,100.00%,30.55%,False
2024-06-13,23.04%,46.17%,0.00%,0.00%,30.80%,100.00%,30.80%,False
2024-06-14,23.00%,46.11%,0.00%,0.00%,30.89%,100.00%,30.89%,False
2024-06-17,22.98%,46.10%,0.00%,0.00%,30.92%,100.00%,30.92%,False
2024-06-18,22.91%,45.95%,0.00%,0.00%,31.14%,100.00%,31.14%,False
2024-06-19,22.89%,45.93%,0.00%,0.00%,31.19%,100.00%,31.19%,False
2024-06-20,22.85%,45.84%,0.00%,0.00%,31.31%,100.00%,31.31%,False
2024-06-21,22.89%,45.93%,0.00%,0.00%,31.18%,100.00%,31.18%,False
2024-06-24,22.91%,45.95%,0.00%,0.00%,31.14%,100.00%,31.14%,False
2024-06-25,22.97%,46.07%,0.00%,0.00%,30.96%,100.00%,30.96%,False
2024-06-26,22.90%,45.93%,0.00%,0.00%,31.17%,100.00%,31.17%,False
2024-06-27,22.93%,45.98%,0.00%,0.00%,31.09%,100.00%,31.09%,False
<<<<<<< HEAD
=======
2024-06-28,23.33%,46.67%,0.00%,0.00%,30.00%,100.00%,30.00%,True
2024-07-01,23.36%,46.69%,0.00%,0.00%,29.95%,100.00%,29.95%,False
2024-07-02,23.32%,46.63%,0.00%,0.00%,30.05%,100.00%,30.05%,False
2024-07-03,23.24%,46.47%,0.00%,0.00%,30.29%,100.00%,30.29%,False
2024-07-04,23.24%,46.50%,0.00%,0.00%,30.27%,100.00%,30.27%,False
2024-07-05,23.23%,46.48%,0.00%,0.00%,30.29%,100.00%,30.29%,False
2024-07-08,23.18%,46.38%,0.00%,0.00%,30.44%,100.00%,30.44%,False
2024-07-09,23.15%,46.33%,0.00%,0.00%,30.53%,100.00%,30.53%,False
2024-07-10,23.14%,46.31%,0.00%,0.00%,30.55%,100.00%,30.55%,False
2024-07-11,23.11%,46.21%,0.00%,0.00%,30.68%,100.00%,30.68%,False
2024-07-12,23.21%,46.44%,0.00%,0.00%,30.35%,100.00%,30.35%,False
>>>>>>> feature
