Date,114260.KS mkt val,153130.KS mkt val,157450.KS mkt val,229200.KS mkt val,278530.KS mkt val,379800.KS mkt val,379810.KS mkt val,cash_rem,port_val,일별수익률,누적수익률
2021-04-09,0.0,0.0,0.0,600.0,400.0,0.0,0.0,0.0,1000.0,0.0,0.0
2021-04-12,0.0,0.0,0.0,605.1475634866163,400.0,0.0,0.0,0.0,1005.1475634866163,0.005147563486616269,0.005147563486616269
2021-04-13,0.0,0.0,0.0,616.2663006177075,403.7477477477477,0.0,0.0,0.0,1020.0140483654552,0.014790350610084158,0.020014048365455173
2021-04-14,0.0,0.0,0.0,617.0899107755661,407.06306306306305,0.0,0.0,0.0,1024.1529738386291,0.004057714185217831,0.02415297383862902
2021-04-15,0.0,0.0,0.0,616.2663006177074,407.9279279279279,0.0,0.0,0.0,1024.1942285456353,4.028178217518885e-05,0.024194228545635355
2021-04-16,0.0,0.0,0.0,621.4138641043238,407.49549549549545,0.0,0.0,0.0,1028.9093595998193,0.004603746948349308,0.02890935959981933
2021-04-19,0.0,0.0,0.0,628.0027453671927,407.6396396396396,0.0,0.0,0.0,1035.6423850068322,0.006543846981459822,0.035642385006832145
2021-04-20,0.0,0.0,0.0,625.5319148936168,409.08108108108104,0.0,0.0,0.0,1034.6129959746977,-0.000993961860809467,0.03461299597469769
2021-04-21,0.0,0.0,0.0,617.2958133150306,402.7387387387387,0.0,0.0,0.0,1020.0345520537693,-0.01409072182318205,0.02003455205376925
2021-04-22,0.0,0.0,0.0,618.5312285518185,403.3153153153153,0.0,0.0,0.0,1021.8465438671337,0.0017764023872681722,0.021846543867133805
2021-04-23,0.0,0.0,0.0,618.7371310912831,403.4594594594594,0.0,0.0,0.0,1022.1965905507425,0.00034256286886691356,0.022196590550742412
2021-04-26,0.0,0.0,0.0,619.972546328071,406.48648648648646,0.0,0.0,0.0,1026.4590328145573,0.004169885033091569,0.026459032814557304
2021-04-27,0.0,0.0,0.0,611.3246396705555,407.49549549549545,0.0,0.0,0.0,1018.8201351660509,-0.007441989796280968,0.018820135166050855
2021-04-28,0.0,0.0,0.0,592.9993136582013,403.3153153153152,0.0,0.0,0.0,996.3146289735166,-0.022089773666346235,-0.003685371026483364
2021-04-29,0.0,0.0,0.0,579.4097460535343,401.00900900900893,0.0,0.0,0.0,980.4187550625431,-0.01595467279984708,-0.019581244937456832
2021-04-30,0.0,0.0,0.0,0.0,0.0,487.89288121340263,487.89288121340263,0.0,975.7857624268053,-0.004725524284204807,-0.02421423757319474
2021-05-03,0.0,0.0,0.0,0.0,0.0,491.7026840925702,491.4926811239786,0.0,983.1953652165489,0.00759347294770496,-0.016804634783451067
2021-05-04,0.0,0.0,0.0,0.0,0.0,490.5121206928303,486.93293457058235,0.0,977.4450552634127,-0.005848593429719551,-0.022554944736587368
2021-05-06,0.0,0.0,0.0,0.0,0.0,490.5121206928303,479.9733214101354,0.0,970.4854421029656,-0.00712020908282307,-0.029514557897034388
2021-05-07,0.0,0.0,0.0,0.0,0.0,492.8932474923101,482.133201356481,0.0,975.026448848791,0.00467910856651832,-0.024973551151209028
2021-05-10,0.0,0.0,0.0,0.0,0.0,493.60758553215396,481.6532280350708,0.0,975.2608135672248,0.00024036754973200125,-0.024739186432775173
2021-05-11,0.0,0.0,0.0,0.0,0.0,488.3691065732985,468.4539616962921,0.0,956.8230682695905,-0.018905450768799237,-0.043176931730409485
2021-05-12,0.0,0.0,0.0,0.0,0.0,486.70231781366266,471.3338016247529,0.0,958.0361194384155,0.001267790471459751,-0.04196388056158451
2021-05-13,0.0,0.0,0.0,0.0,0.0,480.9876134949112,465.0941484464211,0.0,946.0817619413324,-0.012477982045280944,-0.05391823805866758
2021-05-14,0.0,0.0,0.0,0.0,0.0,487.4166558535066,469.6538949998174,0.0,957.070550853324,0.01161505205368596,-0.04292944914667596
2021-05-17,0.0,0.0,0.0,0.0,0.0,494.5600362519459,479.2533614280201,0.0,973.8133976799661,0.01749384808853871,-0.02618660232003389
2021-05-18,0.0,0.0,0.0,0.0,0.0,494.08381089204994,478.0534281244948,0.0,972.1372390165448,-0.0017212318781141267,-0.027862760983455193
2021-05-20,0.0,0.0,0.0,0.0,0.0,487.17854317355864,472.53373492827825,0.0,959.7122781018369,-0.012781077008507058,-0.0402877218981631
2021-05-21,0.0,0.0,0.0,0.0,0.0,491.22645873267425,480.45329473154544,0.0,971.6797534642196,0.01246985751401719,-0.028320246535780358
2021-05-24,0.0,0.0,0.0,0.0,0.0,491.70268409257017,477.81344146378973,0.0,969.5161255563598,-0.002226688268584409,-0.030483874443640202
2021-05-25,0.0,0.0,0.0,0.0,0.0,495.0362616118418,485.4930146063519,0.0,980.5292762181937,0.011359430102840129,-0.019470723781806365
2021-05-26,0.0,0.0,0.0,0.0,0.0,490.9883460527262,482.6131746778911,0.0,973.6015207306173,-0.007065322429021248,-0.02639847926938277
2021-05-27,0.0,0.0,0.0,0.0,0.0,490.0358953329343,482.373188017186,0.0,972.4090833501202,-0.0012247694309291957,-0.027590916649879782
2021-05-28,0.0,0.0,0.0,0.0,0.0,491.46457141262215,481.17325471366064,0.0,972.6378261262828,0.0002352330722523721,-0.0273621738737172
2021-05-31,0.0,0.0,0.0,0.0,0.0,484.88742601231786,484.88742601231786,0.0,969.7748520246357,-0.002943515072870828,-0.03022514797536424
2021-06-01,0.0,0.0,0.0,0.0,0.0,482.76383144584054,482.7076124088659,0.0,965.4714438547064,-0.004437533269650129,-0.0345285561452936
2021-06-02,0.0,0.0,0.0,0.0,0.0,484.88742601231786,484.16082147783385,0.0,969.0482474901517,0.003704722349078038,-0.030951752509848385
2021-06-03,0.0,0.0,0.0,0.0,0.0,486.06720077147196,485.12962752381253,0.0,971.1968282952845,0.0022172072553638955,-0.02880317170471547
2021-06-04,0.0,0.0,0.0,0.0,0.0,485.35933591597956,480.5277988054139,0.0,965.8871347213935,-0.005467165274016472,-0.03411286527860646
2021-06-07,0.0,0.0,0.0,0.0,0.0,487.01102057879524,486.8250381042752,0.0,973.8360586830704,0.008229661288500001,-0.026163941316929562
2021-06-08,0.0,0.0,0.0,0.0,0.0,488.89866019344174,490.94246379968456,0.0,979.8411239931263,0.006166402708661867,-0.020158876006873716
2021-06-09,0.0,0.0,0.0,0.0,0.0,488.89866019344174,490.7002622881899,0.0,979.5989224816317,-0.00024718447262916943,-0.020401077518368282
2021-06-10,0.0,0.0,0.0,0.0,0.0,488.89866019344174,491.18466531117923,0.0,980.0833255046209,0.0004944911757989168,-0.01991667449537904
2021-06-11,0.0,0.0,0.0,0.0,0.0,488.89866019344174,493.8488819376206,0.0,982.7475421310623,0.00271835726321501,-0.0172524578689377
2021-06-14,0.0,0.0,0.0,0.0,0.0,492.43798447090387,498.6929121675139,0.0,991.1308966384178,0.008530527066164195,-0.008869103361582198
2021-06-15,0.0,0.0,0.0,0.0,0.0,494.5615790373812,503.5369423974072,0.0,998.0985214347884,0.007029974365648783,-0.0019014785652116117
2021-06-16,0.0,0.0,0.0,0.0,0.0,492.67393942273475,500.1461212364819,0.0,992.8200606592167,-0.0052885167768647046,-0.0071799393407833145
2021-06-17,0.0,0.0,0.0,0.0,0.0,493.14584932639633,500.872725770966,0.0,994.0185750973624,0.001207181931184964,-0.005981424902637644
2021-06-18,0.0,0.0,0.0,0.0,0.0,496.6851736038585,512.0139952997206,0.0,1008.6991689035791,0.01476893307026872,0.008699168903579135
2021-06-21,0.0,0.0,0.0,0.0,0.0,489.84248000076497,508.62317413879526,0.0,998.4656541395602,-0.010145259438591903,-0.0015343458604397675
2021-06-22,0.0,0.0,0.0,0.0,0.0,496.68517360385846,510.31858471925796,0.0,1007.0037583231165,0.008551224719806738,0.007003758323116394
2021-06-23,0.0,0.0,0.0,0.0,0.0,501.87618254413627,518.5534361100766,0.0,1020.4296186542128,0.01333248284341404,0.020429618654212778
2021-06-24,0.0,0.0,0.0,0.0,0.0,500.6964077849822,517.1002270411086,0.0,1017.7966348260909,-0.002580269898079246,0.01779663482609095
2021-06-25,0.0,0.0,0.0,0.0,0.0,499.752587977659,516.3736225066245,0.0,1016.1262104842835,-0.0016412162161381083,0.016126210484283643
2021-06-28,0.0,0.0,0.0,0.0,0.0,502.3480924477979,517.5846300640978,0.0,1019.9327225118957,0.003746101604640284,0.019932722511895706
2021-06-29,0.0,0.0,0.0,0.0,0.0,502.1121374959671,521.7020557595072,0.0,1023.8141932554743,0.003805614486040998,0.023814193255474292
2021-06-30,0.0,0.0,0.0,0.0,0.0,512.8790259535477,512.8790259535477,0.0,1025.7580519070955,0.001898643977028991,0.02575805190709546
2021-07-01,0.0,0.0,0.0,0.0,0.0,517.2193280067512,515.0130579616763,0.0,1032.2323859684275,0.006311755534645691,0.03223238596842748
2021-07-02,0.0,0.0,0.0,0.0,0.0,520.1128627088868,514.7759432941065,0.0,1034.8888060029933,0.002573470926388044,0.03488880600299327
2021-07-05,0.0,0.0,0.0,0.0,0.0,521.3185021681101,519.5182366455031,0.0,1040.836738813613,0.005747412452543621,0.04083673881361305
2021-07-06,0.0,0.0,0.0,0.0,0.0,521.3185021681101,518.3326633076539,0.0,1039.651165475764,-0.0011390579267988032,0.03965116547576386
2021-07-07,0.0,0.0,0.0,0.0,0.0,523.9709089784011,525.208988667179,0.0,1049.1798976455802,0.009165316681442714,0.04917989764558017
2021-07-08,0.0,0.0,0.0,0.0,0.0,527.1055715723815,528.5285940131567,0.0,1055.634165585538,0.006151726652828149,0.05563416558553813
2021-07-09,0.0,0.0,0.0,0.0,0.0,526.8644436805369,527.3430206753076,0.0,1054.2074643558444,-0.0013515110406665531,0.05420746435584434
2021-07-12,0.0,0.0,0.0,0.0,0.0,530.9636178418957,530.1883966861456,0.0,1061.1520145280413,0.006587460634648545,0.06115201452804131
2021-07-13,0.0,0.0,0.0,0.0,0.0,532.1692573011189,531.6110846915645,0.0,1063.7803419926836,0.002476862342678965,0.06378034199268368
2021-07-14,0.0,0.0,0.0,0.0,0.0,531.6870015174296,533.0337726969835,0.0,1064.7207742144133,0.0008840473776456914,0.06472077421441336
2021-07-15,0.0,0.0,0.0,0.0,0.0,529.2757225989833,531.6110846915645,0.0,1060.886807290548,-0.0036009130437922865,0.06088680729054796
2021-07-16,0.0,0.0,0.0,0.0,0.0,527.3466994642262,526.3945620050282,0.0,1053.7412614692544,-0.006735446017603897,0.05374126146925429
2021-07-19,0.0,0.0,0.0,0.0,0.0,525.1765484376244,524.9718739996092,0.0,1050.1484224372336,-0.003409602682741264,0.05014842243723372
2021-07-20,0.0,0.0,0.0,0.0,0.0,522.0418858436442,525.446103334749,0.0,1047.487989178393,-0.002533387854515068,0.04748798917839303
2021-07-21,0.0,0.0,0.0,0.0,0.0,528.7934668152941,530.1883966861456,0.0,1058.9818635014396,0.01097279820082897,0.058981863501439635
2021-07-22,0.0,0.0,0.0,0.0,0.0,532.169257301119,532.7966580294137,0.0,1064.9659153305329,0.0056507595033850055,0.06496591533053286
2021-07-23,0.0,0.0,0.0,0.0,0.0,535.0627920032548,538.4874100510897,0.0,1073.5502020543445,0.008060621096166454,0.07355020205434437
2021-07-26,0.0,0.0,0.0,0.0,0.0,538.1974545972352,544.4152767403355,0.0,1082.6127313375705,0.008441644616044908,0.08261273133757041
2021-07-27,0.0,0.0,0.0,0.0,0.0,538.1974545972352,542.2812447322069,0.0,1080.478699329442,-0.0019711868763006013,0.08047869932944196
2021-07-28,0.0,0.0,0.0,0.0,0.0,539.1619661646138,538.9616393862293,0.0,1078.123605550843,-0.0021796762676215,0.07812360555084297
2021-07-29,0.0,0.0,0.0,0.0,0.0,535.5450477869442,536.8276073781009,0.0,1072.3726551650452,-0.0053342217498887345,0.07237265516504521
2021-07-30,0.0,0.0,0.0,0.0,0.0,533.8071544582747,533.8071544582747,0.0,1067.6143089165494,-0.004437213337711854,0.06761430891654929
2021-08-02,0.0,0.0,0.0,0.0,0.0,538.8635145140364,541.1683741149502,0.0,1080.0318886289865,0.011631147698871525,0.08003188862898658
2021-08-03,0.0,0.0,0.0,0.0,0.0,535.0110497096465,538.0814110331186,0.0,1073.092460742765,-0.006425206477033263,0.07309246074276499
2021-08-04,0.0,0.0,0.0,0.0,0.0,535.4926078101952,539.0312458275283,0.0,1074.5238536377235,0.0013338952115715674,0.07452385363772351
2021-08-05,0.0,0.0,0.0,0.0,0.0,533.8071544582746,539.2687045261307,0.0,1073.0758589844054,-0.0013475686448616297,0.07307585898440538
2021-08-06,0.0,0.0,0.0,0.0,0.0,535.2518287599207,541.4058328135526,0.0,1076.6576615734734,0.0033378838588895565,0.07665766157347353
2021-08-09,0.0,0.0,0.0,0.0,0.0,535.9741659107437,538.318869731721,0.0,1074.2930356424647,-0.0021962653640089647,0.0742930356424647
2021-08-10,0.0,0.0,0.0,0.0,0.0,538.8635145140362,543.3055024023721,0.0,1082.1690169164083,0.007331315583958498,0.08216901691640821
2021-08-11,0.0,0.0,0.0,0.0,0.0,543.1975374189748,543.780419799577,0.0,1086.9779572185516,0.0044437978051212745,0.08697795721855162
2021-08-12,0.0,0.0,0.0,0.0,0.0,546.8092231730902,544.4927958953843,0.0,1091.3020190684747,0.003978058452066335,0.0913020190684748
2021-08-13,0.0,0.0,0.0,0.0,0.0,552.1063622791263,551.3790981548549,0.0,1103.4854604339812,0.011164133441177171,0.10348546043398121
2021-08-17,0.0,0.0,0.0,0.0,0.0,556.9219432846137,555.8908134283012,0.0,1112.812756712915,0.00845257741344918,0.11281275671291491
2021-08-18,0.0,0.0,0.0,0.0,0.0,551.1432460780288,548.5295937716256,0.0,1099.6728398496543,-0.011807841691241938,0.09967283984965425
2021-08-19,0.0,0.0,0.0,0.0,0.0,545.1237698211696,543.0680437037696,0.0,1088.1918135249393,-0.010440401825587253,0.08819181352493932
2021-08-20,0.0,0.0,0.0,0.0,0.0,549.4577927261083,550.4292633604451,0.0,1099.8870560865535,0.010747409065438696,0.09988705608655346
2021-08-23,0.0,0.0,0.0,0.0,0.0,553.3102575304981,555.6533547296988,0.0,1108.963612260197,0.008252262014918355,0.10896361226019691
2021-08-24,0.0,0.0,0.0,0.0,0.0,554.5141527818699,559.2152352087353,0.0,1113.7293879906051,0.004297504154076703,0.11372938799060517
2021-08-25,0.0,0.0,0.0,0.0,0.0,554.7549318321443,560.8774460989523,0.0,1115.6323779310965,0.001708664565208906,0.11563237793109638
2021-08-26,0.0,0.0,0.0,0.0,0.0,556.4403851840649,560.8774460989523,0.0,1117.3178312830173,0.001510760520456067,0.1173178312830172
2021-08-27,0.0,0.0,0.0,0.0,0.0,555.4772689829674,560.4025287017474,0.0,1115.879797684715,-0.0012870407667718853,0.11587979768471501
2021-08-30,0.0,0.0,0.0,0.0,0.0,557.6442804354367,563.0145743863742,0.0,1120.658854821811,0.004282770552000326,0.12065885482181105
2021-08-31,0.0,0.0,0.0,0.0,0.0,563.1839123216425,563.1839123216425,0.0,1126.367824643285,0.005094297695422911,0.1263678246432851
2021-09-01,0.0,0.0,0.0,0.0,0.0,561.4839177609476,560.5940197482571,0.0,1122.0779375092047,-0.003808602341281331,0.1220779375092047
2021-09-02,0.0,0.0,0.0,0.0,0.0,561.2410613951341,562.0066884246492,0.0,1123.2477498197832,0.0010425410494883103,0.12324774981978326
2021-09-03,0.0,0.0,0.0,0.0,0.0,562.2124868583884,560.1231301894597,0.0,1122.3356170478482,-0.0008120494985022209,0.12233561704784823
2021-09-06,0.0,0.0,0.0,0.0,0.0,561.2410613951341,562.242133204048,0.0,1123.483194599182,0.001022490540175891,0.12348319459918211
2021-09-07,0.0,0.0,0.0,0.0,0.0,562.2124868583884,563.1839123216427,0.0,1125.396399180031,0.0017029222956304046,0.1253963991800311
2021-09-08,0.0,0.0,0.0,0.0,0.0,563.9124814190833,566.9510287920215,0.0,1130.8635102111048,0.004857942530344994,0.13086351021110487
2021-09-09,0.0,0.0,0.0,0.0,0.0,562.2124868583884,564.5965809980346,0.0,1126.809067856423,-0.003585262339859896,0.1268090678564231
2021-09-10,0.0,0.0,0.0,0.0,0.0,563.1839123216427,565.067470556832,0.0,1128.2513828784745,0.0012799994810079873,0.1282513828784746
2021-09-13,0.0,0.0,0.0,0.0,0.0,562.455343224202,563.6548018804399,0.0,1126.110145104642,-0.0018978374911179374,0.12611014510464202
2021-09-14,0.0,0.0,0.0,0.0,0.0,560.7553486635071,560.8294645276558,0.0,1121.584813191163,-0.004018551767028589,0.12158481319116299
2021-09-15,0.0,0.0,0.0,0.0,0.0,556.6267904446767,558.475016733669,0.0,1115.1018071783456,-0.005780219147557664,0.11510180717834562
2021-09-16,0.0,0.0,0.0,0.0,0.0,560.9982050293207,561.7712436452505,0.0,1122.7694486745713,0.006876180674146637,0.1227694486745714
2021-09-17,0.0,0.0,0.0,0.0,0.0,561.969630492575,565.5383601156294,0.0,1127.5079906082044,0.0042204051234444595,0.1275079906082044
2021-09-23,0.0,0.0,0.0,0.0,0.0,554.4410831523546,554.0015659250942,0.0,1108.4426490774488,-0.016909273982591788,0.10844264907744883
2021-09-24,0.0,0.0,0.0,0.0,0.0,559.2982104686258,557.5332376160744,0.0,1116.8314480847002,0.007568094762713695,0.11683144808470014
2021-09-27,0.0,0.0,0.0,0.0,0.0,563.1839123216428,560.8294645276559,0.0,1124.0133768492988,0.00643062905948355,0.1240133768492988
2021-09-28,0.0,0.0,0.0,0.0,0.0,561.7267741267614,554.9433450426889,0.0,1116.6701191694501,-0.006533069651210366,0.11667011916945014
2021-09-29,0.0,0.0,0.0,0.0,0.0,553.2268013232868,544.1128851903495,0.0,1097.3396865136365,-0.017310781692798538,0.09733968651363645
2021-09-30,0.0,0.0,0.0,0.0,0.0,550.7155934001962,550.7155934001962,0.0,1101.4311868003924,0.003728563121375039,0.10143118680039231
2021-10-01,0.0,0.0,0.0,0.0,0.0,538.210261148314,542.3930347779998,0.0,1080.6032959263139,-0.01890984305118748,0.08060329592631388
2021-10-05,0.0,0.0,0.0,0.0,0.0,541.3365942112845,539.0640113291213,0.0,1080.4006055404056,-0.00018757150442938464,0.08040060554040562
2021-10-06,0.0,0.0,0.0,0.0,0.0,544.9439015916352,543.3441843348223,0.0,1088.2880859264574,0.007300514592091023,0.08828808592645743
2021-10-07,0.0,0.0,0.0,0.0,0.0,553.8419264631667,555.4713411843085,0.0,1109.3132676474752,0.019319500041313997,0.10931326764747529
2021-10-08,0.0,0.0,0.0,0.0,0.0,556.9682595261372,556.4224907411309,0.0,1113.3907502672682,0.0036756818283081305,0.11339075026726819
2021-10-12,0.0,0.0,0.0,0.0,0.0,550.9560805588861,549.7644438433738,0.0,1100.7205244022598,-0.011379855510715298,0.10072052440225976
2021-10-13,0.0,0.0,0.0,0.0,0.0,549.2726704480558,546.9109951729065,0.0,1096.1836656209623,-0.004121717257667412,0.09618366562096226
2021-10-14,0.0,0.0,0.0,0.0,0.0,551.4370548762662,552.14231773543,0.0,1103.5793726116963,0.00674677722600836,0.10357937261169625
2021-10-15,0.0,0.0,0.0,0.0,0.0,557.4492338435172,557.8492150763647,0.0,1115.2984489198818,0.010619151280846673,0.11529844891988184
2021-10-18,0.0,0.0,0.0,0.0,0.0,559.8541054304176,559.7515141900095,0.0,1119.6056196204272,0.003861899659877377,0.11960561962042715
2021-10-19,0.0,0.0,0.0,0.0,0.0,561.0565412238677,564.7450493633273,0.0,1125.801590587195,0.005534065619345885,0.12580159058719498
2021-10-20,0.0,0.0,0.0,0.0,0.0,561.0565412238677,564.7450493633273,0.0,1125.801590587195,0.0,0.12580159058719498
2021-10-21,0.0,0.0,0.0,0.0,0.0,564.1828742868382,564.9828367525329,0.0,1129.1657110393712,0.0029882001236305467,0.12916571103937113
2021-10-22,0.0,0.0,0.0,0.0,0.0,566.5877458737388,567.8362854230002,0.0,1134.424031296739,0.004656818929196449,0.13442403129673908
2021-10-25,0.0,0.0,0.0,0.0,0.0,562.9804384933882,562.1293880820655,0.0,1125.1098265754536,-0.008210514291237758,0.12510982657545355
2021-10-26,0.0,0.0,0.0,0.0,0.0,566.5877458737389,569.2630097582339,0.0,1135.8507556319728,0.009546560524861691,0.1358507556319728
2021-10-27,0.0,0.0,0.0,0.0,0.0,568.0306688258792,570.6897340934676,0.0,1138.7204029193467,0.0025264298792293527,0.13872040291934673
2021-10-28,0.0,0.0,0.0,0.0,0.0,565.3853100802887,572.1164584287012,0.0,1137.50176850899,-0.001070178778945663,0.13750176850898987
2021-10-29,0.0,0.0,0.0,569.11161499253,569.11161499253,0.0,0.0,0.0,1138.22322998506,0.0006342508610037711,0.1382232299850601
2021-11-01,0.0,0.0,0.0,576.0544196369143,569.3343592645427,0.0,0.0,0.0,1145.388778901457,0.006295381018089907,0.14538877890145696
2021-11-02,0.0,0.0,0.0,582.0053950463865,576.6849202409629,0.0,0.0,0.0,1158.6903152873494,0.011613119170461816,0.15869031528734956
2021-11-03,0.0,0.0,0.0,580.4184682705272,569.7798478085682,0.0,0.0,0.0,1150.1983160790955,-0.007328963655097054,0.15019831607909562
2021-11-04,0.0,0.0,0.0,580.815199964492,572.0072905286955,0.0,0.0,0.0,1152.8224904931876,0.002281497353463058,0.15282249049318763
2021-11-05,0.0,0.0,0.0,587.162907067929,570.8935691686319,0.0,0.0,0.0,1158.056476236561,0.0045401488837488735,0.15805647623656083
2021-11-08,0.0,0.0,0.0,584.1874193631929,570.0025920805809,0.0,0.0,0.0,1154.190011443774,-0.0033387532232902473,0.15419001144377398
2021-11-09,0.0,0.0,0.0,589.3449313847354,570.2253363525937,0.0,0.0,0.0,1159.5702677373292,0.00466149961463036,0.15957026773732919
2021-11-10,0.0,0.0,0.0,573.078931932178,565.3249623683135,0.0,0.0,0.0,1138.4038943004916,-0.01825363587334783,0.13840389430049171
2021-11-11,0.0,0.0,0.0,579.6250048825975,564.8794738242881,0.0,0.0,0.0,1144.5044787068855,0.005358892776928137,0.14450447870688543
2021-11-12,0.0,0.0,0.0,589.9400289256828,569.7798478085682,0.0,0.0,0.0,1159.719876734251,0.0132943106037966,0.15971987673425114
2021-11-15,0.0,0.0,0.0,604.4207357553987,576.9076645129757,0.0,0.0,0.0,1181.3284002683745,0.018632537018312245,0.18132840026837438
2021-11-16,0.0,0.0,0.0,608.3880526950468,575.5711988808993,0.0,0.0,0.0,1183.959251575946,0.00222702790094087,0.18395925157594584
2021-11-17,0.0,0.0,0.0,600.6517846627328,569.3343592645427,0.0,0.0,0.0,1169.9861439272754,-0.011802017366789541,0.1699861439272754
2021-11-18,0.0,0.0,0.0,602.2387114385921,567.1069165444154,0.0,0.0,0.0,1169.3456279830075,-0.0005474560084257618,0.16934562798300745
2021-11-19,0.0,0.0,0.0,608.5864185420292,568.4433821764918,0.0,0.0,0.0,1177.029800718521,0.006571344307130023,0.17702980071852115
2021-11-22,0.0,0.0,0.0,605.2141991433282,583.5899926733576,0.0,0.0,0.0,1188.804191816686,0.010003477474382683,0.18880419181668584
2021-11-23,0.0,0.0,0.0,588.9481996907707,579.3578515051157,0.0,0.0,0.0,1168.3060511958865,-0.01724265506624345,0.16830605119588649
2021-11-24,0.0,0.0,0.0,594.8991751002429,578.0213858730393,0.0,0.0,0.0,1172.9205609732821,0.0039497439670641565,0.17292056097328223
2021-11-25,0.0,0.0,0.0,588.3531021498235,573.7892447047974,0.0,0.0,0.0,1162.1423468546209,-0.009189210656958324,0.1621423468546208
2021-11-26,0.0,0.0,0.0,583.9890535162104,563.320263920199,0.0,0.0,0.0,1147.3093174364094,-0.012763522006024153,0.1473093174364093
2021-11-29,0.0,0.0,0.0,582.9972242812984,559.088122751957,0.0,0.0,0.0,1142.0853470332554,-0.004553236275311234,0.14208534703325548
2021-11-30,0.0,0.0,0.0,559.8588769382262,559.8588769382262,0.0,0.0,0.0,1119.7177538764524,-0.019584870093033113,0.11971775387645245
2021-12-01,0.0,0.0,0.0,562.9605881678009,574.2259275480463,0.0,0.0,0.0,1137.1865157158472,0.015601040332635652,0.13718651571584717
2021-12-02,0.0,0.0,0.0,559.4711630345294,583.1198160207921,0.0,0.0,0.0,1142.5909790553214,0.004752486302629144,0.14259097905532148
2021-12-03,0.0,0.0,0.0,572.2657218565248,587.4527360459759,0.0,0.0,0.0,1159.7184579025006,0.014990035070415075,0.1597184579025006
2021-12-06,0.0,0.0,0.0,565.4807285418302,588.8210265802445,0.0,0.0,0.0,1154.3017551220746,-0.004670704983192886,0.15430175512207467
2021-12-07,0.0,0.0,0.0,569.9394384343437,593.6100434501845,0.0,0.0,0.0,1163.5494818845282,0.008011533138035931,0.16354948188452822
2021-12-08,0.0,0.0,0.0,576.9182887008867,595.8905276739655,0.0,0.0,0.0,1172.808816374852,0.007957834741438852,0.17280881637485201
2021-12-09,0.0,0.0,0.0,586.6111362933076,598.3990603201245,0.0,0.0,0.0,1185.010196613432,0.010403554328909603,0.1850101966134321
2021-12-10,0.0,0.0,0.0,574.9797191824026,594.978333984453,0.0,0.0,0.0,1169.9580531668557,-0.012702121458189053,0.16995805316685564
2021-12-13,0.0,0.0,0.0,571.1025801454343,595.2063824068312,0.0,0.0,0.0,1166.3089625522655,-0.0031189926892787323,0.16630896255226557
2021-12-14,0.0,0.0,0.0,569.3578675787986,591.7856560711597,0.0,0.0,0.0,1161.1435236499583,-0.004428876968417983,0.16114352364995832
2021-12-15,0.0,0.0,0.0,573.0411496639185,591.5576076487816,0.0,0.0,0.0,1164.5987573127002,0.0029757162593309072,0.16459875731270013
2021-12-16,0.0,0.0,0.0,574.7858622305544,594.750285562075,0.0,0.0,0.0,1169.5361477926294,0.004239563582673078,0.16953614779262938
2021-12-17,0.0,0.0,0.0,566.256156349224,596.3466245187217,0.0,0.0,0.0,1162.6027808679457,-0.005928304941894891,0.16260278086794577
2021-12-20,0.0,0.0,0.0,564.1237298788915,585.8563970893292,0.0,0.0,0.0,1149.9801269682207,-0.01085723697504104,0.1499801269682206
2021-12-21,0.0,0.0,0.0,568.582439771405,590.1893171145131,0.0,0.0,0.0,1158.771756885918,0.0076450276935440264,0.15877175688591794
2021-12-22,0.0,0.0,0.0,568.7762967232534,592.6978497606722,0.0,0.0,0.0,1161.4741464839256,0.00233211551968604,0.16147414648392555
2021-12-23,0.0,0.0,0.0,571.1025801454343,596.1185760963436,0.0,0.0,0.0,1167.2211562417779,0.004948030720485663,0.1672211562417778
2021-12-24,0.0,0.0,0.0,572.2657218565248,600.2234476991495,0.0,0.0,0.0,1172.4891695556744,0.004513294919069599,0.17248916955567428
2021-12-27,0.0,0.0,0.0,578.6630012675225,597.4868666306123,0.0,0.0,0.0,1176.1498678981347,0.0031221596220352144,0.1761498678981348
2021-12-28,0.0,0.0,0.0,597.6609825486673,600.6795445439056,0.0,0.0,0.0,1198.340527092573,0.018867203746827377,0.19834052709257288
2021-12-29,0.0,0.0,0.0,585.2541376303687,600.4514961215275,0.0,0.0,0.0,1185.7056337518961,-0.010543658546983914,0.18570563375189608
2021-12-30,0.0,0.0,0.0,590.4297629061132,590.4297629061132,0.0,0.0,0.0,1180.8595258122264,-0.0040871088082252705,0.1808595258122263
2022-01-04,0.0,0.0,0.0,579.4596014188065,591.7839596100263,0.0,0.0,0.0,1171.2435610288328,-0.008143191102074065,0.17124356102883276
2022-01-05,0.0,0.0,0.0,566.5304825230522,583.4330799358954,0.0,0.0,0.0,1149.9635624589478,-0.0181687219276514,0.1499635624589477
2022-01-06,0.0,0.0,0.0,548.8998658470236,577.3391947682865,0.0,0.0,0.0,1126.23906061531,-0.02063065528172736,0.1262390606153101
2022-01-07,0.0,0.0,0.0,554.3849465906769,584.5615771891563,0.0,0.0,0.0,1138.9465237798331,0.011283095755514339,0.13894652377983308
2022-01-10,0.0,0.0,0.0,544.7860552892836,580.0475881761126,0.0,0.0,0.0,1124.833643465396,-0.012391170278653996,0.12483364346539605
2022-01-11,0.0,0.0,0.0,540.4763489906989,582.0788832319823,0.0,0.0,0.0,1122.5552322226813,-0.00202555396164672,0.12255523222268128
2022-01-12,0.0,0.0,0.0,555.3644252949008,591.1068612580697,0.0,0.0,0.0,1146.4712865529705,0.021305013458388977,0.14647128655297048
2022-01-13,0.0,0.0,0.0,546.940908438576,588.3984678502435,0.0,0.0,0.0,1135.3393762888195,-0.009709715711782585,0.13533937628881954
2022-01-14,0.0,0.0,0.0,537.7338086188721,578.2419925708953,0.0,0.0,0.0,1115.9758011897675,-0.017055318879494297,0.11597580118976758
2022-01-17,0.0,0.0,0.0,534.0117895428216,575.3078997124169,0.0,0.0,0.0,1109.3196892552385,-0.0059643873347726695,0.10931968925523838
2022-01-18,0.0,0.0,0.0,526.9595428724101,569.8911128967645,0.0,0.0,0.0,1096.8506557691746,-0.011240252568161968,0.09685065576917462
2022-01-19,0.0,0.0,0.0,519.9072962019986,566.2799216863295,0.0,0.0,0.0,1086.1872178883282,-0.009721868537671319,0.08618721788832828
2022-01-20,0.0,0.0,0.0,534.5994767653558,569.8911128967644,0.0,0.0,0.0,1104.4905896621203,0.016851028508120258,0.10449058966212044
2022-01-21,0.0,0.0,0.0,525.3923769456519,563.345828827851,0.0,0.0,0.0,1088.738205773503,-0.014262125939376369,0.08873820577350311
2022-01-24,0.0,0.0,0.0,513.0509452724319,557.0262442095899,0.0,0.0,0.0,1070.0771894820218,-0.017140039903553617,0.0700771894820218
2022-01-25,0.0,0.0,0.0,501.10130508090145,543.2585777198067,0.0,0.0,0.0,1044.3598828007082,-0.024033132314279393,0.04435988280070813
2022-01-26,0.0,0.0,0.0,492.0901010020424,541.227282663937,0.0,0.0,0.0,1033.3173836659794,-0.010573461616617874,0.03331738366597947
2022-01-27,0.0,0.0,0.0,470.93336099080807,522.2685288091535,0.0,0.0,0.0,993.2018897999616,-0.03882204490134189,-0.006798110200038399
2022-01-28,0.0,0.0,0.0,510.445442058765,510.445442058765,0.0,0.0,0.0,1020.89088411753,0.02787851553841203,0.02089088411753015
2022-02-03,0.0,0.0,0.0,520.9978204718161,515.8027619796169,0.0,0.0,0.0,1036.800582451433,0.015584132037436582,0.03680058245143303
2022-02-04,0.0,0.0,0.0,527.412011271906,521.3743746973028,0.0,0.0,0.0,1048.7863859692088,0.011560374984971977,0.04878638596920881
2022-02-07,0.0,0.0,0.0,519.3425454266315,516.231347573285,0.0,0.0,0.0,1035.5738929999166,-0.012597887564189003,0.035573892999916534
2022-02-08,0.0,0.0,0.0,516.2389047169106,517.9456899479576,0.0,0.0,0.0,1034.1845946648682,-0.0013415733483042036,0.03418459466486823
2022-02-09,0.0,0.0,0.0,527.6189206525539,524.8030594466479,0.0,0.0,0.0,1052.4219800992018,0.017634555309000266,0.05242198009920185
2022-02-10,0.0,0.0,0.0,514.7905390523742,529.0889153833294,0.0,0.0,0.0,1043.8794544357038,-0.008117015631593727,0.043879454435703735
2022-02-11,0.0,0.0,0.0,500.9276105489542,524.8030594466479,0.0,0.0,0.0,1025.730669995602,-0.01738590060661027,0.02573066999560214
2022-02-15,0.0,0.0,0.0,486.8577726648861,514.5170051986123,0.0,0.0,0.0,1001.3747778634984,-0.023744919445772394,0.0013747778634982666
2022-02-16,0.0,0.0,0.0,512.1007171039495,522.6601314783072,0.0,0.0,0.0,1034.7608485822566,0.033340235301302146,0.03476084858225659
2022-02-17,0.0,0.0,0.0,506.10034506515575,526.5174018213205,0.0,0.0,0.0,1032.6177468864762,-0.002071108216663453,0.03261774688647612
2022-02-18,0.0,0.0,0.0,508.5832576329325,525.4459378371502,0.0,0.0,0.0,1034.0291954700826,0.0013668645419491199,0.03402919547008265
2022-02-21,0.0,0.0,0.0,509.6178045361728,525.6602306339842,0.0,0.0,0.0,1035.278035170157,0.0012077412374285057,0.03527803517015693
2022-02-22,0.0,0.0,0.0,501.34142931025036,517.7313971511234,0.0,0.0,0.0,1019.0728264613738,-0.01565300156891647,0.01907282646137376
2022-02-23,0.0,0.0,0.0,508.3763482522844,518.8028611352937,0.0,0.0,0.0,1027.179209387578,0.007954664981454584,0.027179209387578007
2022-02-24,0.0,0.0,0.0,492.6512353230318,505.73100052841517,0.0,0.0,0.0,998.3822358514469,-0.02803500428450112,-0.0016177641485530803
2022-02-25,0.0,0.0,0.0,511.47998896200534,510.6597348555989,0.0,0.0,0.0,1022.1397238176042,0.023795984256366864,0.022139723817604207
2022-02-28,0.0,0.0,0.0,514.3470997626141,514.3470997626141,0.0,0.0,0.0,1028.6941995252282,0.006412504626220228,0.028694199525228115
2022-03-02,0.0,0.0,0.0,522.422597705747,513.2764355249733,0.0,0.0,0.0,1035.6990332307203,0.006809442212005301,0.03569903323072032
2022-03-03,0.0,0.0,0.0,534.4323125955342,521.8417494260992,0.0,0.0,0.0,1056.2740620216334,0.019865837594472024,0.05627406202163332
2022-03-04,0.0,0.0,0.0,521.8014055562751,514.7753654576703,0.0,0.0,0.0,1036.5767710139453,-0.01864789803698197,0.0365767710139453
2022-03-07,0.0,0.0,0.0,511.2411390152552,502.3556603010377,0.0,0.0,0.0,1013.5967993162928,-0.02216909768793507,0.013596799316292874
2022-03-08,0.0,0.0,0.0,505.6504096700094,497.85887050294656,0.0,0.0,0.0,1003.509280172956,-0.009952201062731536,0.003509280172955931
2022-03-10,0.0,0.0,0.0,523.0437898552186,507.2807157941852,0.0,0.0,0.0,1030.3245056494038,0.02672145241330126,0.03032450564940392
2022-03-11,0.0,0.0,0.0,521.8014055562751,505.3535201664319,0.0,0.0,0.0,1027.154925722707,-0.0030762928662936284,0.027154925722707057
2022-03-14,0.0,0.0,0.0,509.7916906664878,504.4969887763193,0.0,0.0,0.0,1014.288679442807,-0.01252610093929818,0.014288679442806984
2022-03-15,0.0,0.0,0.0,508.5493063675443,499.57193328317186,0.0,0.0,0.0,1008.1212396507162,-0.006080556667041659,0.008121239650716205
2022-03-16,0.0,0.0,0.0,523.0437898552186,507.06658294665704,0.0,0.0,0.0,1030.1103728018757,0.02181199273093193,0.030110372801875673
2022-03-17,0.0,0.0,0.0,537.5382733428929,514.9894983051986,0.0,0.0,0.0,1052.5277716480914,0.021762132911292698,0.052527771648091415
2022-03-18,0.0,0.0,0.0,542.507810538667,516.0601625428393,0.0,0.0,0.0,1058.5679730815064,0.005738757300395969,0.0585679730815063
2022-03-21,0.0,0.0,0.0,534.0181844958862,510.92097420216373,0.0,0.0,0.0,1044.93915869805,-0.012874765466201143,0.0449391586980501
2022-03-22,0.0,0.0,0.0,535.4676328446536,514.7753654576704,0.0,0.0,0.0,1050.242998302324,0.005075740113790195,0.05024299830232404
2022-03-23,0.0,0.0,0.0,540.6442340902516,519.4862881032897,0.0,0.0,0.0,1060.1305221935413,0.009414510648678709,0.060130522193541314
2022-03-24,0.0,0.0,0.0,538.1594654923646,516.916693932952,0.0,0.0,0.0,1055.0761594253165,-0.004767679698313598,0.05507615942531663
2022-03-25,0.0,0.0,0.0,537.9524014425406,515.4177640002549,0.0,0.0,0.0,1053.3701654427955,-0.0016169391823337431,0.0533701654427956
2022-03-28,0.0,0.0,0.0,529.8769034994078,515.6318968477831,0.0,0.0,0.0,1045.508800347191,-0.007463060331027949,0.04550880034719107
2022-03-29,0.0,0.0,0.0,540.0230419407798,517.9873581705928,0.0,0.0,0.0,1058.0104001113725,0.0119574314056754,0.058010400111372595
2022-03-30,0.0,0.0,0.0,540.2301059906036,519.4862881032898,0.0,0.0,0.0,1059.7163940938935,0.0016124548325247012,0.05971639409389362
2022-03-31,0.0,0.0,0.0,532.6889057080908,532.6889057080908,0.0,0.0,0.0,1065.3778114161817,0.005342389108860424,0.0653778114161816
2022-04-01,0.0,0.0,0.0,528.6318691071152,529.1901280022905,0.0,0.0,0.0,1057.8219971094059,-0.007092145364593239,0.05782199710940583
2022-04-04,0.0,0.0,0.0,532.4860538780421,531.5955376750283,0.0,0.0,0.0,1064.0815915530702,0.005917436450337821,0.06408159155307014
2022-04-05,0.0,0.0,0.0,535.7316831588225,530.9395168551907,0.0,0.0,0.0,1066.6712000140133,0.0024336559165198945,0.06667120001401328
2022-04-06,0.0,0.0,0.0,525.7919434864324,525.0353294766528,0.0,0.0,0.0,1050.8272729630853,-0.01485361848217126,0.0508272729630852
2022-04-07,0.0,0.0,0.0,522.7491660357007,518.6937948848898,0.0,0.0,0.0,1041.4429609205904,-0.008930403962616351,0.04144296092059041
2022-04-08,0.0,0.0,0.0,526.6033508066274,518.9124684915023,0.0,0.0,0.0,1045.5158192981298,0.003910783912677518,0.045515819298129756
2022-04-11,0.0,0.0,0.0,513.215130023408,518.6937948848897,0.0,0.0,0.0,1031.9089249082976,-0.013014527507548057,0.03190892490829755
2022-04-12,0.0,0.0,0.0,510.1723525726764,513.4456283261893,0.0,0.0,0.0,1023.6179808988657,-0.008034569533516556,0.023617980898865687
2022-04-13,0.0,0.0,0.0,519.5035367549201,523.2859406237526,0.0,0.0,0.0,1042.7894773786727,0.01872915173194989,0.04278947737867278
2022-04-14,0.0,0.0,0.0,518.2864257746274,520.4431837377899,0.0,0.0,0.0,1038.7296095124175,-0.0038932765954454718,0.03872960951241744
2022-04-15,0.0,0.0,0.0,514.8379446637982,514.7576699658645,0.0,0.0,0.0,1029.5956146296626,-0.008793428818345106,0.029595614629662537
2022-04-18,0.0,0.0,0.0,510.5780562327739,515.1950171790895,0.0,0.0,0.0,1025.7730734118634,-0.0037126626837606924,0.0257730734118633
2022-04-19,0.0,0.0,0.0,522.5463142056518,520.4431837377899,0.0,0.0,0.0,1042.9894979434416,0.016783853054666453,0.042989497943441535
2022-04-20,0.0,0.0,0.0,517.8807221145299,520.0058365245649,0.0,0.0,0.0,1037.8865586390948,-0.004892608520420172,0.03788655863909485
2022-04-21,0.0,0.0,0.0,517.6778702844812,522.8485934105275,0.0,0.0,0.0,1040.5264636950087,0.002543539112189075,0.040526463695008674
2022-04-22,0.0,0.0,0.0,511.1866117229203,516.9444060319896,0.0,0.0,0.0,1028.1310177549099,-0.011912667647184572,0.028131017754909893
2022-04-25,0.0,0.0,0.0,496.98698361950585,508.63480898071396,0.0,0.0,0.0,1005.6217926002198,-0.021893343130375165,0.005621792600219777
2022-04-26,0.0,0.0,0.0,506.11531597170085,510.6028714402266,0.0,0.0,0.0,1016.7181874119274,0.011034361917531488,0.01671818741192732
2022-04-27,0.0,0.0,0.0,497.3926872796034,504.4800104550761,0.0,0.0,0.0,1001.8726977346796,-0.014601381052341766,0.0018726977346796847
2022-04-28,0.0,0.0,0.0,493.9442061687742,509.2908298005515,0.0,0.0,0.0,1003.2350359693257,0.0013597917557055528,0.003235035969325839
2022-04-29,0.0,0.0,0.0,0.0,0.0,510.92130551169896,510.92130551169896,0.0,1021.8426110233979,0.018547572988311334,0.021842611023398018
2022-05-03,0.0,0.0,0.0,0.0,0.0,501.25696808083455,504.2259969442162,0.0,1005.4829650250508,-0.01600994695451441,0.005482965025050746
2022-05-04,0.0,0.0,0.0,0.0,0.0,503.1898355670075,505.3803604903339,0.0,1008.5701960573414,0.003070396157545785,0.00857019605734144
2022-05-06,0.0,0.0,0.0,0.0,0.0,501.47173113485377,497.06894295828636,0.0,998.5406740931401,-0.00994429738595115,-0.0014593259068599318
2022-05-10,0.0,0.0,0.0,0.0,0.0,488.80071094772046,480.9078533126384,0.0,969.7085642603588,-0.028874246769132528,-0.030291435739641215
2022-05-11,0.0,0.0,0.0,0.0,0.0,487.7268956776244,482.9857076956503,0.0,970.7126033732748,0.0010354029549917154,-0.029287396626725193
2022-05-12,0.0,0.0,0.0,0.0,0.0,481.7135301650865,468.4407270145672,0.0,950.1542571796538,-0.021178612621469695,-0.04984574282034626
2022-05-13,0.0,0.0,0.0,0.0,0.0,484.0759237592978,472.3655630713674,0.0,956.4414868306651,0.0066170620228274135,-0.0435585131693349
2022-05-16,0.0,0.0,0.0,0.0,0.0,487.5121326236051,477.9065080927324,0.0,965.4186407163374,0.009385993821137584,-0.03458135928366257
2022-05-17,0.0,0.0,0.0,0.0,0.0,488.15642178566276,478.13738080195594,0.0,966.2938025876188,0.0009065102271403891,-0.033706197412381234
2022-05-18,0.0,0.0,0.0,0.0,0.0,490.9483414879125,481.8313441495326,0.0,972.779685637445,0.006712123199442921,-0.02722031436255501
2022-05-19,0.0,0.0,0.0,0.0,0.0,476.55921686862547,462.438036574755,0.0,938.9972534433805,-0.034727731975537246,-0.061002746556619525
2022-05-20,0.0,0.0,0.0,0.0,0.0,473.3377710583373,461.976291156308,0.0,935.3140622146452,-0.003922472845611313,-0.06468593778535481
2022-05-23,0.0,0.0,0.0,0.0,0.0,475.2706385445102,462.2071638655315,0.0,937.4778024100417,0.0023133835818454074,-0.06252219758995825
2022-05-24,0.0,0.0,0.0,0.0,0.0,472.47871884226043,454.5883644611546,0.0,927.0670833034151,-0.011105029985630677,-0.07293291669658497
2022-05-25,0.0,0.0,0.0,0.0,0.0,475.48540159852934,455.0501098796017,0.0,930.535511478131,0.003741291474136821,-0.06946448852186904
2022-05-26,0.0,0.0,0.0,0.0,0.0,478.277321300779,457.35883697183715,0.0,935.6361582726162,0.005481410146704668,-0.06436384172738385
2022-05-27,0.0,0.0,0.0,0.0,0.0,484.0759237592977,466.3628726315553,0.0,950.438796390853,0.015820934224651584,-0.049561203609147064
2022-05-30,0.0,0.0,0.0,0.0,0.0,494.81407646025815,483.44745311409747,0.0,978.2615295743556,0.029273566366561532,-0.021738470425644474
2022-05-31,0.0,0.0,0.0,0.0,0.0,484.9052798639739,484.9052798639739,0.0,969.8105597279477,-0.008638763347961653,-0.03018944027205228
2022-06-02,0.0,0.0,0.0,0.0,0.0,483.6314481305308,483.9709729663554,0.0,967.6024210968862,-0.0022768762506369944,-0.03239757890311379
2022-06-03,0.0,0.0,0.0,0.0,0.0,488.72677506430284,492.613311769326,0.0,981.3400868336289,0.01419763472808322,-0.018659913166371056
2022-06-07,0.0,0.0,0.0,0.0,0.0,484.90527986397376,484.6717031395692,0.0,969.576983003543,-0.011986776029949575,-0.030423016996456997
2022-06-08,0.0,0.0,0.0,0.0,0.0,489.5759962199315,488.8760841788522,0.0,978.4520803987837,0.00915357681836415,-0.02154791960121638
2022-06-09,0.0,0.0,0.0,0.0,0.0,485.9668063085096,487.2410471080199,0.0,973.2078534165296,-0.00535971774940347,-0.0267921465834704
2022-06-10,0.0,0.0,0.0,0.0,0.0,481.2960899525519,481.63520572230925,0.0,962.9312956748611,-0.010559468571479158,-0.03706870432513898
2022-06-13,0.0,0.0,0.0,0.0,0.0,463.6747509732569,458.0439565574435,0.0,921.7187075307004,-0.04279909514756941,-0.0782812924692996
2022-06-14,0.0,0.0,0.0,0.0,0.0,460.49017163964936,454.54030569137433,0.0,915.0304773310237,-0.007256259577929747,-0.08496952266897628
2022-06-15,0.0,0.0,0.0,0.0,0.0,456.66867643932034,452.6716918961374,0.0,909.3403683354577,-0.006218491226831047,-0.09065963166454227
2022-06-16,0.0,0.0,0.0,0.0,0.0,456.45637115041313,456.4089194866112,0.0,912.8652906370244,0.0038763508410157854,-0.08713470936297563
2022-06-17,0.0,0.0,0.0,0.0,0.0,447.7518543052192,444.496506541976,0.0,892.2483608471952,-0.02258485452485781,-0.10775163915280483
2022-06-20,0.0,0.0,0.0,0.0,0.0,449.0256860386622,450.5695013764959,0.0,899.5951874151581,0.00823406003344962,-0.10040481258484191
2022-06-21,0.0,0.0,0.0,0.0,0.0,453.05948652789834,454.77388241577887,0.0,907.8333689436772,0.00915765406903768,-0.09216663105632283
2022-06-22,0.0,0.0,0.0,0.0,0.0,453.69640239461984,454.5403056913743,0.0,908.2367080859941,0.00044428763704318364,-0.0917632919140059
2022-06-23,0.0,0.0,0.0,0.0,0.0,459.42864519511335,460.84687725029886,0.0,920.2755224454122,0.013255150614632782,-0.07972447755458778
2022-06-24,0.0,0.0,0.0,0.0,0.0,467.0716355957714,471.12425312410176,0.0,938.1958887198732,0.01947282725377919,-0.06180411128012675
2022-06-27,0.0,0.0,0.0,0.0,0.0,473.2284889740793,478.3651315806447,0.0,951.593620554724,0.014280313947155898,-0.04840637944527604
2022-06-28,0.0,0.0,0.0,0.0,0.0,473.44079426298646,476.96367123421703,0.0,950.4044654972035,-0.001249645890676776,-0.04959553450279641
2022-06-29,0.0,0.0,0.0,0.0,0.0,467.9208567514001,466.2191419116049,0.0,934.1399986630049,-0.017113205403227805,-0.0658600013369951
2022-06-30,0.0,0.0,0.0,0.0,0.0,461.4858384473565,461.4858384473565,0.0,922.971676894713,-0.011955725891490188,-0.07702832310528696
2022-07-01,0.0,0.0,0.0,0.0,0.0,458.0987864220548,457.03495980243275,0.0,915.1337462244876,-0.008492059796022855,-0.08486625377551238
2022-07-04,0.0,0.0,0.0,0.0,0.0,464.02612746633275,462.18860875971285,0.0,926.2147362260456,0.012108601663171292,-0.07378526377395445
2022-07-05,0.0,0.0,0.0,0.0,0.0,469.53008700744806,468.04502802934934,0.0,937.5751150367973,0.012265383357039639,-0.06242488496320264
2022-07-06,0.0,0.0,0.0,0.0,0.0,468.0482517463785,472.73016344505857,0.0,940.778415191437,0.0034165797526675146,-0.05922158480856299
2022-07-07,0.0,0.0,0.0,0.0,0.0,471.0119222685175,477.1810420899823,0.0,948.1929643584998,0.007881291755140962,-0.05180703564150024
2022-07-08,0.0,0.0,0.0,0.0,0.0,474.1872835422379,483.0374613596188,0.0,957.2247449018566,0.009525255810632682,-0.042775255098143394
2022-07-11,0.0,0.0,0.0,0.0,0.0,473.12882978433106,482.3346910472625,0.0,955.4635208315935,-0.0018399274356866169,-0.04453647916840642
2022-07-12,0.0,0.0,0.0,0.0,0.0,472.7054482811684,477.64955563155326,0.0,950.3550039127217,-0.0053466373205180995,-0.04964499608727824
2022-07-13,0.0,0.0,0.0,0.0,0.0,470.1651592621921,475.54124469448413,0.0,945.7064039566762,-0.004891435239364972,-0.05429359604332373
2022-07-14,0.0,0.0,0.0,0.0,0.0,466.98979798847176,473.19867698662955,0.0,940.1884749751014,-0.0058347167350129014,-0.059811525024898615
2022-07-15,0.0,0.0,0.0,0.0,0.0,472.9171390327498,483.27171813040434,0.0,956.1888571631541,0.01701827092538699,-0.04381114283684584
2022-07-18,0.0,0.0,0.0,0.0,0.0,480.1146245865159,490.7679347955391,0.0,970.882559382055,0.015366945670643561,-0.029117440617944967
2022-07-19,0.0,0.0,0.0,0.0,0.0,474.61066504540065,482.3346910472625,0.0,956.9453560926631,-0.014355189672232371,-0.04305464390733682
2022-07-20,0.0,0.0,0.0,0.0,0.0,486.88872863711924,497.5613811483174,0.0,984.4501097854367,0.028742240628116145,-0.015549890214563322
2022-07-21,0.0,0.0,0.0,0.0,0.0,487.31211014028196,502.24651656402665,0.0,989.5586267043086,0.005189208542000445,-0.010441373295691392
2022-07-22,0.0,0.0,0.0,0.0,0.0,491.12254366874635,506.9316519797358,0.0,998.0541956484822,0.008585210330051662,-0.0019458043515178103
2022-07-25,0.0,0.0,0.0,0.0,0.0,488.5822546497701,502.2465165640266,0.0,990.8287712137967,-0.007239511106900132,-0.009171228786203356
2022-07-26,0.0,0.0,0.0,0.0,0.0,487.10041938870063,496.62435406517557,0.0,983.7247734538762,-0.007169753206921814,-0.01627522654612379
2022-07-27,0.0,0.0,0.0,0.0,0.0,488.58225464977005,497.79563791910283,0.0,986.3778925688729,0.0026970136227042474,-0.013622107431127128
2022-07-28,0.0,0.0,0.0,0.0,0.0,490.910852917165,502.949286876383,0.0,993.860139793548,0.007585578793933401,-0.006139860206451964
2022-07-29,0.0,0.0,0.0,0.0,0.0,508.92122267289767,508.92122267289767,0.0,1017.8424453457953,0.024130463223154486,0.017842445345795266
2022-08-01,0.0,0.0,0.0,0.0,0.0,512.1463254781759,511.6896064771021,0.0,1023.8359319552779,0.005888422748421052,0.02383593195527789
2022-08-02,0.0,0.0,0.0,0.0,0.0,510.85628435606463,511.2282091764014,0.0,1022.084493532466,-0.0017106631718493137,0.022084493532466
2022-08-03,0.0,0.0,0.0,0.0,0.0,513.4363666002871,514.6886889316569,0.0,1028.1250555319439,0.005910041721307158,0.028125055531943888
2022-08-04,0.0,0.0,0.0,0.0,0.0,518.5965310887323,525.7622241484743,0.0,1044.3587552372064,0.01578961588176009,0.04435875523720645
2022-08-05,0.0,0.0,0.0,0.0,0.0,515.8014419908245,526.4543200995254,0.0,1042.25576209035,-0.0020136692839606285,0.04225576209034987
2022-08-08,0.0,0.0,0.0,0.0,0.0,517.5214968203062,526.2236214491751,0.0,1043.7451182694813,0.0014289738021158183,0.04374511826948124
2022-08-09,0.0,0.0,0.0,0.0,0.0,516.6614694055653,523.2245389946204,0.0,1039.8860084001858,-0.0036973680659641017,0.039886008400185746
2022-08-10,0.0,0.0,0.0,0.0,0.0,515.1564214297688,516.9956754351606,0.0,1032.1520968649293,-0.007437268578269207,0.03215209686492937
2022-08-11,0.0,0.0,0.0,0.0,0.0,525.2617435529738,531.7603890575838,0.0,1057.0221326105575,0.024095320661721153,0.05702213261055755
2022-08-12,0.0,0.0,0.0,0.0,0.0,524.1867092845478,527.3771147009269,0.0,1051.5638239854748,-0.0051638546220429404,0.051563823985474766
2022-08-16,0.0,0.0,0.0,0.0,0.0,535.7970793835493,542.1418283233501,0.0,1077.9389077068995,0.02508177166219161,0.07793890770689949
2022-08-17,0.0,0.0,0.0,0.0,0.0,538.8071753351422,542.6032256240508,0.0,1081.4104009591929,0.0032204916507543313,0.08141040095919294
2022-08-18,0.0,0.0,0.0,0.0,0.0,537.517134213031,539.3734445191457,0.0,1076.8905787321767,-0.004179562377990109,0.07689057873217675
2022-08-19,0.0,0.0,0.0,0.0,0.0,541.1722507256795,541.6804310226493,0.0,1082.852681748329,0.005536405586509474,0.08285268174832883
2022-08-22,0.0,0.0,0.0,0.0,0.0,538.3771616277718,535.6822661135399,0.0,1074.0594277413115,-0.008120452721990024,0.07405942774131158
2022-08-23,0.0,0.0,0.0,0.0,0.0,530.2069011877337,525.0701281974232,0.0,1055.2770293851568,-0.017487298999509848,0.05527702938515677
2022-08-24,0.0,0.0,0.0,0.0,0.0,528.9168600656225,524.3780322463721,0.0,1053.2948923119945,-0.0018783096930642396,0.05329489231199447
2022-08-25,0.0,0.0,0.0,0.0,0.0,533.4320039930119,529.6841012044304,0.0,1063.1161051974423,0.009324276569774304,0.06311610519744226
2022-08-26,0.0,0.0,0.0,0.0,0.0,533.6470108466971,531.0682931065326,0.0,1064.7153039532295,0.0015042559772813213,0.06471530395322955
2022-08-29,0.0,0.0,0.0,0.0,0.0,518.8115379424174,510.76681187570074,0.0,1029.578349818118,-0.033001267103656584,0.029578349818118133
2022-08-30,0.0,0.0,0.0,0.0,0.0,519.6715653571582,513.7658943302554,0.0,1033.4374596874136,0.003748243025872844,0.03343745968741363
2022-08-31,0.0,0.0,0.0,0.0,0.0,509.81029453115536,509.81029453115536,0.0,1019.6205890623107,-0.01336981787875402,0.019620589062310678
2022-09-01,0.0,0.0,0.0,0.0,0.0,505.3232802037646,502.8456730211669,0.0,1008.1689532249316,-0.011231271671270027,0.008168953224931608
2022-09-02,0.0,0.0,0.0,0.0,0.0,512.8016374160825,511.43537288348597,0.0,1024.2370102995685,0.01593786143010889,0.024237010299568595
2022-09-05,0.0,0.0,0.0,0.0,0.0,512.8016374160825,508.6495242794906,0.0,1021.4511616955731,-0.002719925735919837,0.02145116169557304
2022-09-06,0.0,0.0,0.0,0.0,0.0,513.0153047650059,512.1318350344849,0.0,1025.1471397994908,0.003618360076836691,0.02514713979949068
2022-09-07,0.0,0.0,0.0,0.0,0.0,513.2289721139293,508.4173702291577,0.0,1021.6463423430871,-0.0034149219370483985,0.021646342343087044
2022-09-08,0.0,0.0,0.0,0.0,0.0,522.8440028154808,520.489380846471,0.0,1043.3333836619518,0.02122754266327287,0.04333338366195183
2022-09-13,0.0,0.0,0.0,0.0,0.0,538.4417192868867,537.9009346214422,0.0,1076.3426539083289,0.03163827666523944,0.07634265390832895
2022-09-14,0.0,0.0,0.0,0.0,0.0,521.5619987219407,513.7569133868155,0.0,1035.3189121087562,-0.03811401661971736,0.03531891210875626
2022-09-15,0.0,0.0,0.0,0.0,0.0,523.0576701644043,517.7035322424756,0.0,1040.7612024068799,0.0052566317822193565,0.04076120240687997
2022-09-16,0.0,0.0,0.0,0.0,0.0,511.73330067146577,502.613518970834,0.0,1014.3468196422998,-0.02537986879554477,0.01434681964229978
2022-09-19,0.0,0.0,0.0,0.0,0.0,510.02396188007884,502.381364920501,0.0,1012.4053268005798,-0.0019140325617668097,0.012405326800579708
2022-09-20,0.0,0.0,0.0,0.0,0.0,515.7929803010098,509.81029453115536,0.0,1025.6032748321652,0.013036229346297334,0.02560327483216529
2022-09-21,0.0,0.0,0.0,0.0,0.0,510.664963926849,505.6315216251623,0.0,1016.2964855520113,-0.009074453551912609,0.016296485552011353
2022-09-22,0.0,0.0,0.0,0.0,0.0,505.7506149016115,500.9884406185033,0.0,1006.7390555201148,-0.009404175029401274,0.006739055520114778
2022-09-23,0.0,0.0,0.0,0.0,0.0,502.545604667761,495.41674341051254,0.0,997.9623480782735,-0.008717956647968705,-0.0020376519217264466
2022-09-26,0.0,0.0,0.0,0.0,0.0,498.485925038217,492.1665867058513,0.0,990.6525117440683,-0.007324761648855205,-0.00934748825593168
2022-09-27,0.0,0.0,0.0,0.0,0.0,499.9815964806805,496.8096677125103,0.0,996.7912641931907,0.006196675803420648,-0.0032087358068092486
2022-09-28,0.0,0.0,0.0,0.0,0.0,498.0585903403702,493.55951100784904,0.0,991.6181013482192,-0.005189815592092639,-0.00838189865178085
2022-09-29,0.0,0.0,0.0,0.0,0.0,504.2549434591478,500.9884406185034,0.0,1005.2433840776512,0.013740453820787257,0.005243384077651125
2022-09-30,0.0,0.0,0.0,0.0,0.0,493.347789627495,493.347789627495,0.0,986.69557925499,-0.018451058834552336,-0.013304420745010037
2022-10-04,0.0,0.0,0.0,0.0,0.0,500.99988804481075,498.9487106071827,0.0,999.9485986519935,0.013431720659993429,-5.1401348006518965e-05
2022-10-05,0.0,0.0,0.0,0.0,0.0,501.85012120229027,500.81568426707867,0.0,1002.6658054693689,0.0027173464926482094,0.002665805469368898
2022-10-06,0.0,0.0,0.0,0.0,0.0,502.48779607039995,501.5157993895396,0.0,1004.0035954599396,0.0013342331844501398,0.004003595459939557
2022-10-07,0.0,0.0,0.0,0.0,0.0,497.81151370426255,496.38162182482586,0.0,994.1931355290884,-0.009771339440629134,-0.00580686447091161
2022-10-11,0.0,0.0,0.0,0.0,0.0,488.67150726135765,481.44583254565856,0.0,970.1173398070162,-0.02421641717457612,-0.0298826601929838
2022-10-12,0.0,0.0,0.0,0.0,0.0,487.8212741038781,477.7118852258667,0.0,965.5331593297449,-0.004725387630101774,-0.03446684067025507
2022-10-13,0.0,0.0,0.0,0.0,0.0,484.42034147396,474.6780530285358,0.0,959.0983945024958,-0.006664467983384381,-0.04090160549750421
2022-10-14,0.0,0.0,0.0,0.0,0.0,499.29942172985176,487.51349694032024,0.0,986.8129186701719,0.028896434741768395,-0.013187081329828043
2022-10-17,0.0,0.0,0.0,0.0,0.0,490.7970901550565,477.4785135183797,0.0,968.2756036734362,-0.018785034778138754,-0.031724396326563764
2022-10-18,0.0,0.0,0.0,0.0,0.0,503.7631458066193,492.88104621252097,0.0,996.6441920191403,0.029298051337945052,-0.0033558079808596597
2022-10-19,0.0,0.0,0.0,0.0,0.0,503.7631458066193,491.947559382573,0.0,995.7107051891924,-0.0009366299803109657,-0.004289294810807642
2022-10-20,0.0,0.0,0.0,0.0,0.0,499.7245383085916,485.87989498791126,0.0,985.6044332965029,-0.010149807408939338,-0.014395566703497176
2022-10-21,0.0,0.0,0.0,0.0,0.0,497.81151370426267,485.41315157293724,0.0,983.2246652771998,-0.0024145264965413915,-0.016775334722800128
2022-10-24,0.0,0.0,0.0,0.0,0.0,511.84036080267487,502.4492862194874,0.0,1014.2896470221623,0.03159499841900759,0.014289647022162288
2022-10-25,0.0,0.0,0.0,0.0,0.0,515.241293432593,505.0163750018443,0.0,1020.2576684344374,0.005883941958588101,0.020257668434437326
2022-10-26,0.0,0.0,0.0,0.0,0.0,515.8789683007026,501.5157993895395,0.0,1017.3947676902421,-0.0028060565803815773,0.017394767690242174
2022-10-27,0.0,0.0,0.0,0.0,0.0,516.9417597475519,499.41545402215655,0.0,1016.3572137697086,-0.0010198144844887347,0.016357213769708556
2022-10-28,0.0,0.0,0.0,0.0,0.0,508.43942817275666,484.01292132801524,0.0,992.4523495007719,-0.02352014030605698,-0.00754765049922812
2022-10-31,0.0,0.0,0.0,616.5558848830784,411.037256588719,0.0,0.0,0.0,1027.5931414717975,0.035408039477867304,0.02759314147179759
2022-11-01,0.0,0.0,0.0,618.0918985474607,416.76314872030315,0.0,0.0,0.0,1034.855047267764,0.007066907614394324,0.034855047267763783
2022-11-02,0.0,0.0,0.0,613.79106028719,416.35415642518996,0.0,0.0,0.0,1030.14521671238,-0.00455119832272044,0.03014521671238013
2022-11-03,0.0,0.0,0.0,604.5749783008959,413.900202654511,0.0,0.0,0.0,1018.4751809554068,-0.011328534625649311,0.0184751809554069
2022-11-04,0.0,0.0,0.0,603.9605728351429,417.17214101541623,0.0,0.0,0.0,1021.1327138505592,0.0026093251410008733,0.02113271385055926
2022-11-07,0.0,0.0,0.0,609.7974247597958,422.28454470433064,0.0,0.0,0.0,1032.0819694641264,0.010722656776197992,0.032081969464126336
2022-11-08,0.0,0.0,0.0,624.5431559378665,428.21493298347133,0.0,0.0,0.0,1052.7580889213377,0.02003340826499156,0.05275808892133771
2022-11-09,0.0,0.0,0.0,622.3927368077312,432.50935208215947,0.0,0.0,0.0,1054.9020888898908,0.002036555207806323,0.05490208888989079
2022-11-10,0.0,0.0,0.0,613.4838575543135,427.6014445408016,0.0,0.0,0.0,1041.0853020951151,-0.01309769592864829,0.041085302095115184
2022-11-11,0.0,0.0,0.0,648.8121718351078,444.16563249288436,0.0,0.0,0.0,1092.977804327992,0.04984462092438213,0.09297780432799208
2022-11-14,0.0,0.0,0.0,640.5176980474431,440.89369413197915,0.0,0.0,0.0,1081.4113921794224,-0.0105824767005962,0.08141139217942239
2022-11-15,0.0,0.0,0.0,660.4858756844138,442.5296633124318,0.0,0.0,0.0,1103.0155389968456,0.019977731854556646,0.10301553899684568
2022-11-16,0.0,0.0,0.0,657.7210510885255,441.9161748697621,0.0,0.0,0.0,1099.6372259582877,-0.0030627973216319493,0.09963722595828761
2022-11-17,0.0,0.0,0.0,650.0409827666138,435.9857865906214,0.0,0.0,0.0,1086.026769357235,-0.012377224306126644,0.08602676935723497
2022-11-18,0.0,0.0,0.0,642.360914444702,434.9633058528385,0.0,0.0,0.0,1077.3242202975405,-0.008013199402851834,0.07732422029754038
2022-11-21,0.0,0.0,0.0,628.5367914652608,431.89586363948985,0.0,0.0,0.0,1060.4326551047507,-0.015679184478118002,0.06043265510475071
2022-11-22,0.0,0.0,0.0,621.1639258762254,428.41942913102804,0.0,0.0,0.0,1049.5833550072534,-0.010231012827896624,0.04958335500725353
2022-11-23,0.0,0.0,0.0,635.9096570542961,431.4868713443767,0.0,0.0,0.0,1067.3965283986727,0.016971661475420508,0.0673965283986726
2022-11-24,0.0,0.0,0.0,646.6617527049726,435.5767942955083,0.0,0.0,0.0,1082.238547000481,0.013904878090689188,0.08223854700048094
2022-11-25,0.0,0.0,0.0,638.6744816501844,433.7363289674991,0.0,0.0,0.0,1072.4108106176834,-0.009080933598268226,0.07241081061768351
2022-11-28,0.0,0.0,0.0,623.0071422734843,427.80594068835836,0.0,0.0,0.0,1050.8130829618426,-0.020139416203200144,0.050813082961842504
2022-11-29,0.0,0.0,0.0,635.2952515885432,433.1228405248293,0.0,0.0,0.0,1068.4180921133725,0.01675370190663039,0.06841809211337258
2022-11-30,0.0,0.0,0.0,645.4057978902038,430.2705319268025,0.0,0.0,0.0,1075.6763298170063,0.006793443275821653,0.07567632981700623
2022-12-01,0.0,0.0,0.0,659.7828761967168,431.6662194724409,0.0,0.0,0.0,1091.4490956691577,0.014663115116454017,0.09144909566915782
2022-12-02,0.0,0.0,0.0,645.4057978902038,421.49763878278986,0.0,0.0,0.0,1066.9034366729936,-0.022489055232681632,0.0669034366729937
2022-12-05,0.0,0.0,0.0,649.4688852376966,419.9025673020603,0.0,0.0,0.0,1069.3714525397568,0.00231325139832661,0.06937145253975685
2022-12-06,0.0,0.0,0.0,636.9670780146417,415.31673679496276,0.0,0.0,0.0,1052.2838148096046,-0.015979141475648273,0.052283814809604534
2022-12-07,0.0,0.0,0.0,633.841626208878,412.9241295738684,0.0,0.0,0.0,1046.7657557827465,-0.005243888530069629,0.046765755782746554
2022-12-08,0.0,0.0,0.0,634.4667165700307,411.92720989841246,0.0,0.0,0.0,1046.3939264684432,-0.0003552173084084842,0.0463939264684432
2022-12-09,0.0,0.0,0.0,641.3427105427108,416.9118082756924,0.0,0.0,0.0,1058.2545188184033,0.011334729732223714,0.05825451881840338
2022-12-12,0.0,0.0,0.0,633.2165358477253,414.1204331844157,0.0,0.0,0.0,1047.336969032141,-0.010316563352313679,0.04733696903214102
2022-12-13,0.0,0.0,0.0,635.0918069311836,414.9179689247805,0.0,0.0,0.0,1050.009775855964,0.0025520027487362373,0.05000977585596411
2022-12-14,0.0,0.0,0.0,649.4688852376966,419.3044154967868,0.0,0.0,0.0,1068.7733007344834,0.017869857319398053,0.06877330073448351
2022-12-15,0.0,0.0,0.0,637.9047135563709,411.9272098984125,0.0,0.0,0.0,1049.8319234547835,-0.017722539725387065,0.04983192345478349
2022-12-16,0.0,0.0,0.0,629.7785388613853,410.5315223527742,0.0,0.0,0.0,1040.3100612141595,-0.009069892073094388,0.04031006121415959
2022-12-19,0.0,0.0,0.0,630.7161744031145,410.332138417683,0.0,0.0,0.0,1041.0483128207975,0.0007096457432858028,0.04104831282079746
2022-12-20,0.0,0.0,0.0,618.2143671800596,407.1419954562238,0.0,0.0,0.0,1025.3563626362834,-0.0150732199373107,0.02535636263628338
2022-12-21,0.0,0.0,0.0,621.3398189858234,405.9456918456766,0.0,0.0,0.0,1027.2855108315,0.0018814416777563903,0.027285510831499993
2022-12-22,0.0,0.0,0.0,636.6545328340655,411.1296741580477,0.0,0.0,0.0,1047.7842069921132,0.01995423467427404,0.047784206992113276
2022-12-23,0.0,0.0,0.0,611.3383732073796,404.15123642985577,0.0,0.0,0.0,1015.4896096372354,-0.030821801988776265,0.015489609637235446
2022-12-26,0.0,0.0,0.0,622.9025448887054,404.55000430003815,0.0,0.0,0.0,1027.4525491887434,0.01178046475116723,0.027452549188743403
2022-12-27,0.0,0.0,0.0,631.96635512542,407.5407633264061,0.0,0.0,0.0,1039.507118451826,0.011732482704530423,0.039507118451826084
2022-12-28,0.0,0.0,0.0,613.8387346519905,403.35370068949095,0.0,0.0,0.0,1017.1924353414815,-0.021466599616536075,0.017192435341481627
2022-12-29,0.0,0.0,0.0,599.01853158436,399.3456877229067,0.0,0.0,0.0,998.3642193072667,-0.01850998432552642,-0.0016357806927332907
2023-01-02,0.0,0.0,0.0,594.3581176975522,396.7303255363083,0.0,0.0,0.0,991.0884432338605,-0.007287697147694838,-0.008911556766139528
2023-01-03,0.0,0.0,0.0,597.1543660296368,396.5291438296469,0.0,0.0,0.0,993.6835098592837,0.002618400651465347,-0.006316490140716224
2023-01-04,0.0,0.0,0.0,600.882697139083,404.9787755094263,0.0,0.0,0.0,1005.8614726485093,0.01225537373660357,0.005861472648509336
2023-01-05,0.0,0.0,0.0,593.736729179311,408.39886452267035,0.0,0.0,0.0,1002.1355937019814,-0.003704167072546727,0.002135593701981353
2023-01-06,0.0,0.0,0.0,606.1644995441318,413.02604377588284,0.0,0.0,0.0,1019.1905433200146,0.017018604792821135,0.019190543320014575
2023-01-09,0.0,0.0,0.0,617.3494928724705,424.0910376422606,0.0,0.0,0.0,1041.440530514731,0.021831037719636903,0.04144053051473118
2023-01-10,0.0,0.0,0.0,605.2324167667703,424.6945827622448,0.0,0.0,0.0,1029.9269995290151,-0.011055389768655721,0.02992699952901523
2023-01-11,0.0,0.0,0.0,619.5243526863142,425.7004912955519,0.0,0.0,0.0,1045.2248439818661,0.014853328886267336,0.0452248439818661
2023-01-12,0.0,0.0,0.0,622.3206010183987,426.706399828859,0.0,0.0,0.0,1049.0270008472578,0.003637644940496232,0.04902700084725775
2023-01-13,0.0,0.0,0.0,619.2136584271935,429.9253071354416,0.0,0.0,0.0,1049.1389655626351,0.0001067319671341771,0.049138965562635084
2023-01-16,0.0,0.0,0.0,623.8740723140013,433.14421444202424,0.0,0.0,0.0,1057.0182867560256,0.007510274093351477,0.057018286756025605
2023-01-17,0.0,0.0,0.0,611.4463019491806,429.72412542878016,0.0,0.0,0.0,1041.1704273779608,-0.01499298505676916,0.04117042737796073
2023-01-18,0.0,0.0,0.0,614.5532445403858,426.70639982885893,0.0,0.0,0.0,1041.2596443692446,8.568913305428971e-05,0.041259644369244564
2023-01-19,0.0,0.0,0.0,615.7960215768678,429.7241254287801,0.0,0.0,0.0,1045.520147005648,0.004091681320257168,0.04552014700564788
2023-01-20,0.0,0.0,0.0,617.9708813907114,432.3394876153785,0.0,0.0,0.0,1050.3103690060898,0.0045816639824312055,0.05031036900608976
2023-01-25,0.0,0.0,0.0,631.9521230511347,439.58202905518937,0.0,0.0,0.0,1071.534152106324,0.020207153739059347,0.07153415210632397
2023-01-26,0.0,0.0,0.0,640.0301737882681,445.61748025503175,0.0,0.0,0.0,1085.6476540433,0.013171303881666319,0.08564765404329999
2023-01-27,0.0,0.0,0.0,640.0301737882681,448.83638756161434,0.0,0.0,0.0,1088.8665613498824,0.0029649650092220536,0.08886656134988247
2023-01-30,0.0,0.0,0.0,633.1949000876167,442.19739124178767,0.0,0.0,0.0,1075.3922913294043,-0.012374583350023949,0.07539229132940428
2023-01-31,0.0,0.0,0.0,642.5568928940528,428.3712619293686,0.0,0.0,0.0,1070.9281548234214,-0.004151170267795323,0.07092815482342152
2023-02-01,0.0,0.0,0.0,656.6962866252177,432.922088268572,0.0,0.0,0.0,1089.6183748937897,0.017452356618124387,0.08961837489378977
2023-02-02,0.0,0.0,0.0,671.778306605127,437.2750525930275,0.0,0.0,0.0,1109.0533591981546,0.017836505653880286,0.10905335919815462
2023-02-03,0.0,0.0,0.0,674.6061853513601,439.2536727405073,0.0,0.0,0.0,1113.8598580918674,0.004333875240401408,0.1138598580918675
2023-02-06,0.0,0.0,0.0,667.0651753614054,429.1627099883605,0.0,0.0,0.0,1096.227885349766,-0.01582961502204272,0.09622788534976601
2023-02-07,0.0,0.0,0.0,681.2045690925703,431.93277819483217,0.0,0.0,0.0,1113.1373472874025,0.015425133919341416,0.11313734728740243
2023-02-08,0.0,0.0,0.0,690.3166228304322,438.8579487110113,0.0,0.0,0.0,1129.1745715414436,0.01440722862557986,0.12917457154144363
2023-02-09,0.0,0.0,0.0,698.4860503195497,436.87932856353154,0.0,0.0,0.0,1135.3653788830811,0.005482595426486103,0.1353653788830811
2023-02-10,0.0,0.0,0.0,688.745579082525,436.0878805045396,0.0,0.0,0.0,1124.8334595870647,-0.009276237845456614,0.1248334595870646
2023-02-13,0.0,0.0,0.0,688.745579082525,433.5156743128159,0.0,0.0,0.0,1122.2612533953409,-0.002286744024015852,0.12226125339534089
2023-02-14,0.0,0.0,0.0,697.5434240708053,436.2857425192876,0.0,0.0,0.0,1133.8291665900929,0.010307682956846254,0.1338291665900928
2023-02-15,0.0,0.0,0.0,685.2892828371289,427.77767588512467,0.0,0.0,0.0,1113.0669587222535,-0.01831158386080345,0.11306695872225347
2023-02-16,0.0,0.0,0.0,714.5106965482032,436.48360453403563,0.0,0.0,0.0,1150.994301082239,0.03407462782250237,0.150994301082239
2023-02-17,0.0,0.0,0.0,698.1718415699681,432.32850222432813,0.0,0.0,0.0,1130.5003437942962,-0.017805437671301272,0.1305003437942962
2023-02-20,0.0,0.0,0.0,719.8522452910877,433.91139834231194,0.0,0.0,0.0,1153.7636436333996,0.020577879490973672,0.15376364363339956
2023-02-21,0.0,0.0,0.0,724.2511677852278,433.317812298068,0.0,0.0,0.0,1157.5689800832959,0.0032981941066478893,0.15756898008329578
2023-02-22,0.0,0.0,0.0,704.1418078120155,425.9969177523929,0.0,0.0,0.0,1130.1387255644083,-0.023696431911050087,0.13013872556440842
2023-02-23,0.0,0.0,0.0,708.2265215565742,431.14133013584024,0.0,0.0,0.0,1139.3678516924144,0.008166365702933387,0.1393678516924144
2023-02-24,0.0,0.0,0.0,700.3713028170381,427.3819518556287,0.0,0.0,0.0,1127.7532546726668,-0.010193895678639153,0.12775325467266674
2023-02-27,0.0,0.0,0.0,704.7702253111784,423.2268495459212,0.0,0.0,0.0,1127.9970748570995,0.00021619993861454745,0.12799707485709955
2023-02-28,0.0,0.0,0.0,685.1213661982072,456.7475774654715,0.0,0.0,0.0,1141.8689436636787,0.01229778792497016,0.14186894366367864
2023-03-02,0.0,0.0,0.0,676.1223990414882,458.02578896957266,0.0,0.0,0.0,1134.148188011061,-0.0067615076979374855,0.13414818801106088
2023-03-03,0.0,0.0,0.0,695.6201612143794,459.30400047367374,0.0,0.0,0.0,1154.9241616880531,0.01831857062120479,0.154924161688053
2023-03-06,0.0,0.0,0.0,712.1182676683643,465.69505799417936,0.0,0.0,0.0,1177.8133256625438,0.01981875930367205,0.17781332566254382
2023-03-07,0.0,0.0,0.0,711.2183709526925,463.77774073802766,0.0,0.0,0.0,1174.9961116907202,-0.0023919019342379944,0.17499611169072016
2023-03-08,0.0,0.0,0.0,712.1182676683643,456.9606127161549,0.0,0.0,0.0,1169.0788803845192,-0.005035958202182167,0.16907888038451913
2023-03-09,0.0,0.0,0.0,705.5190250867704,455.4693659613703,0.0,0.0,0.0,1160.9883910481408,-0.006920396452391064,0.1609883910481409
2023-03-10,0.0,0.0,0.0,689.3208842046762,450.5695551956493,0.0,0.0,0.0,1139.8904394003255,-0.018172405349176746,0.13989043940032553
2023-03-13,0.0,0.0,0.0,697.1199890738327,454.19115445726914,0.0,0.0,0.0,1151.3111435311018,0.010019124414083702,0.15131114353110187
2023-03-14,0.0,0.0,0.0,669.823122031785,443.32635667240953,0.0,0.0,0.0,1113.1494787041945,-0.03314626549158939,0.11314947870419445
2023-03-15,0.0,0.0,0.0,693.5204022111451,448.6522379394976,0.0,0.0,0.0,1142.1726401506426,0.026073013554507973,0.14217264015064246
2023-03-16,0.0,0.0,0.0,692.9204710673639,447.58706168607995,0.0,0.0,0.0,1140.507532753444,-0.0014578421323233615,0.14050753275344396
2023-03-17,0.0,0.0,0.0,704.6191283710987,452.486872451801,0.0,0.0,0.0,1157.1060008228997,0.014553580395372911,0.15710600082289972
2023-03-20,0.0,0.0,0.0,706.1189562305518,449.07830844086465,0.0,0.0,0.0,1155.1972646714164,-0.001649577610111641,0.15519726467141637
2023-03-21,0.0,0.0,0.0,706.4189218024424,450.35651994496584,0.0,0.0,0.0,1156.7754417474082,0.0013661537507541066,0.1567754417474081
2023-03-22,0.0,0.0,0.0,717.5176479623958,455.89543646273745,0.0,0.0,0.0,1173.4130844251333,0.01438277653318143,0.17341308442513337
2023-03-23,0.0,0.0,0.0,717.8176135342865,457.3866832175221,0.0,0.0,0.0,1175.2042967518087,0.0015264976592219703,0.1752042967518086
2023-03-24,0.0,0.0,0.0,725.3167528315523,455.89543646273745,0.0,0.0,0.0,1181.2121892942898,0.005112211178164072,0.18121218929428973
2023-03-27,0.0,0.0,0.0,727.7164774066774,454.40418970795275,0.0,0.0,0.0,1182.1206671146301,0.0007691063710433266,0.18212066711463004
2023-03-28,0.0,0.0,0.0,728.91633969424,459.09096522299023,0.0,0.0,0.0,1188.0073049172302,0.004979726661042516,0.18800730491723017
2023-03-29,0.0,0.0,0.0,740.6149969979747,459.9431062257243,0.0,0.0,0.0,1200.558103223699,0.010564580078354924,0.20055810322369894
2023-03-30,0.0,0.0,0.0,750.5138608703655,462.71256448461014,0.0,0.0,0.0,1213.2264253549756,0.010552027508922812,0.2132264253549756
2023-03-31,0.0,0.0,0.0,734.0110534633883,489.3407023089256,0.0,0.0,0.0,1223.351755772314,0.008345787897239276,0.22335175577231392
2023-04-03,0.0,0.0,0.0,738.383637181399,487.1133891441148,0.0,0.0,0.0,1225.4970263255138,0.0017536007473546444,0.22549702632551383
2023-04-04,0.0,0.0,0.0,739.8411650874026,489.5634336254066,0.0,0.0,0.0,1229.4045987128093,0.0031885612966453536,0.22940459871280927
2023-04-05,0.0,0.0,0.0,756.1654776346423,492.2362094231795,0.0,0.0,0.0,1248.4016870578218,0.01545226719088455,0.24840168705782184
2023-04-06,0.0,0.0,0.0,751.501388335431,483.32695676393644,0.0,0.0,0.0,1234.8283450993674,-0.010872575789643069,0.23482834509936734
2023-04-07,0.0,0.0,0.0,773.9473180878856,492.0134781066984,0.0,0.0,0.0,1265.960796194584,0.0252119666824715,0.265960796194584
2023-04-10,0.0,0.0,0.0,796.9762590027417,496.02264180335777,0.0,0.0,0.0,1292.9989008060995,0.021357774026486975,0.2929989008060996
2023-04-11,0.0,0.0,0.0,809.8025045755729,502.03638734834686,0.0,0.0,0.0,1311.8388919239198,0.014570771178594732,0.3118388919239199
2023-04-12,0.0,0.0,0.0,792.8951808659317,504.4864318296387,0.0,0.0,0.0,1297.3816126955703,-0.011020620990392138,0.2973816126955704
2023-04-13,0.0,0.0,0.0,793.1866864471325,505.6000884120441,0.0,0.0,0.0,1298.7867748591766,0.0010830754419948185,0.2987867748591766
2023-04-14,0.0,0.0,0.0,803.9723929515588,507.60467026037384,0.0,0.0,0.0,1311.5770632119327,0.009847873877637081,0.3115770632119328
2023-04-17,0.0,0.0,0.0,805.1384152763616,508.050132893336,0.0,0.0,0.0,1313.1885481696977,0.0012286620458417108,0.31318854816969766
2023-04-18,0.0,0.0,0.0,804.8469096951609,506.71374499444954,0.0,0.0,0.0,1311.5606546896104,-0.0012396494641658817,0.31156065468961036
2023-04-19,0.0,0.0,0.0,798.1422813275445,506.9364763109306,0.0,0.0,0.0,1305.078757638475,-0.00494212526729787,0.30507875763847503
2023-04-20,0.0,0.0,0.0,774.5303292502871,505.37735709556307,0.0,0.0,0.0,1279.9076863458502,-0.019287013251347074,0.27990768634585006
2023-04-21,0.0,0.0,0.0,759.3720390278502,503.5955065637145,0.0,0.0,0.0,1262.9675455915647,-0.013235439504742597,0.26296754559156477
2023-04-24,0.0,0.0,0.0,744.505254386614,500.03180550001724,0.0,0.0,0.0,1244.5370598866311,-0.014593000247128951,0.24453705988663121
2023-04-25,0.0,0.0,0.0,734.5940646257898,493.57259732206603,0.0,0.0,0.0,1228.1666619478558,-0.013153805110686312,0.22816666194785573
2023-04-26,0.0,0.0,0.0,733.1365367197862,493.12713468910385,0.0,0.0,0.0,1226.26367140889,-0.001549456273261418,0.22626367140889014
2023-04-27,0.0,0.0,0.0,756.7484887970438,494.46352258799027,0.0,0.0,0.0,1251.2120113850342,0.020345004551492796,0.25121201138503424
2023-04-28,0.0,0.0,0.0,0.0,0.0,625.9057155348788,625.9057155348788,0.0,1251.8114310697576,0.00047907123594503886,0.2518114310697577
2023-05-02,0.0,0.0,0.0,0.0,0.0,631.9653110059709,632.0974710003852,0.0,1264.062782006356,0.009786898116219245,0.2640627820063559
2023-05-03,0.0,0.0,0.0,0.0,0.0,624.8957829563635,625.3673020161392,0.0,1250.2630849725028,-0.010916939593735853,0.25026308497250294
2023-05-04,0.0,0.0,0.0,0.0,0.0,613.534041448066,616.4834789569345,0.0,1230.0175204050006,-0.0161930435368709,0.23001752040500056
2023-05-08,0.0,0.0,0.0,0.0,0.0,617.8262549067562,623.4828547005503,0.0,1241.3091096073065,0.009180023060637366,0.24130910960730656
2023-05-09,0.0,0.0,0.0,0.0,0.0,620.3510863530445,625.636508775509,0.0,1245.9875951285535,0.0037689931420281653,0.2459875951285535
2023-05-10,0.0,0.0,0.0,0.0,0.0,618.8361874852715,624.0212682192899,0.0,1242.8574557045613,-0.0025121754311440148,0.2428574557045613
2023-05-11,0.0,0.0,0.0,0.0,0.0,622.623434654704,631.2898507222757,0.0,1253.9132853769797,0.008895492899586799,0.25391328537697966
2023-05-12,0.0,0.0,0.0,0.0,0.0,625.6532323902501,638.0200197065217,0.0,1263.6732520967716,0.007783605799229987,0.2636732520967717
2023-05-15,0.0,0.0,0.0,0.0,0.0,625.4007492456212,636.4047791503026,0.0,1261.8055283959238,-0.0014780115807221383,0.26180552839592375
2023-05-16,0.0,0.0,0.0,0.0,0.0,625.6532323902501,639.3660535033708,0.0,1265.019285893621,0.002546951511444462,0.2650192858936209
2023-05-17,0.0,0.0,0.0,0.0,0.0,623.8858503778482,641.5197075783296,0.0,1265.4055579561777,0.0003053487538602351,0.2654055579561778
2023-05-19,0.0,0.0,0.0,0.0,0.0,631.9653110059709,656.0568725843011,0.0,1288.022183590272,0.017873025364787853,0.2880221835902721
2023-05-22,0.0,0.0,0.0,0.0,0.0,626.4106818241365,650.1343238781647,0.0,1276.5450057023013,-0.008910698925991278,0.27654500570230134
2023-05-23,0.0,0.0,0.0,0.0,0.0,624.1383335224771,648.7882900813154,0.0,1272.9266236037925,-0.0028345119696882026,0.2729266236037924
2023-05-25,0.0,0.0,0.0,0.0,0.0,622.3709515100752,653.0955982312328,0.0,1275.466549741308,0.00199534371456922,0.275466549741308
2023-05-26,0.0,0.0,0.0,0.0,0.0,623.6333672332194,659.0181469373692,0.0,1282.6515141705886,0.005633204909009981,0.28265151417058854
2023-05-30,0.0,0.0,0.0,0.0,0.0,633.7326930183726,678.6702403713675,0.0,1312.4029333897402,0.023195247415577214,0.31240293338974023
2023-05-31,0.0,0.0,0.0,0.0,0.0,653.2226542653038,653.2226542653038,0.0,1306.4453085306077,-0.004539478469272273,0.3064453085306076
2023-06-01,0.0,0.0,0.0,0.0,0.0,650.6055763235358,649.5820821475833,0.0,1300.187658471119,-0.004789829332026763,0.30018765847111895
2023-06-02,0.0,0.0,0.0,0.0,0.0,649.5587451468286,651.6624090719951,0.0,1301.2211542188238,0.0007948819856666844,0.3012211542188239
2023-06-05,0.0,0.0,0.0,0.0,0.0,658.1951023546633,653.4826951308554,0.0,1311.6777974855186,0.00803602311013174,0.3116777974855185
2023-06-07,0.0,0.0,0.0,0.0,0.0,657.1482711779561,654.0027768619584,0.0,1311.1510480399145,-0.0004015844795222101,0.31115104803991445
2023-06-08,0.0,0.0,0.0,0.0,0.0,653.4843620594808,640.2206109877303,0.0,1293.704973047211,-0.013305923080932702,0.293704973047211
2023-06-09,0.0,0.0,0.0,0.0,0.0,651.6524075002432,644.3812648365539,0.0,1296.033672336797,0.0018000234505559654,0.2960336723367971
2023-06-12,0.0,0.0,0.0,0.0,0.0,653.2226542653041,647.761796088723,0.0,1300.984450354027,0.0038199455175447206,0.3009844503540271
2023-06-13,0.0,0.0,0.0,0.0,0.0,650.8672841177128,652.1824908030981,0.0,1303.0497749208107,0.001587509033041501,0.30304977492081075
2023-06-14,0.0,0.0,0.0,0.0,0.0,656.8865633837792,656.0831037863702,0.0,1312.9696671701495,0.007612826800834638,0.3129696671701494
2023-06-15,0.0,0.0,0.0,0.0,0.0,657.6716867663097,661.2839210973997,0.0,1318.9556078637092,0.004559085288284859,0.31895560786370925
2023-06-16,0.0,0.0,0.0,0.0,0.0,662.644134855669,666.4847384084293,0.0,1329.1288732640983,0.0077131219123185435,0.32912887326409823
2023-06-19,0.0,0.0,0.0,0.0,0.0,664.4760894149067,666.2246975428777,0.0,1330.7007869577844,0.0011826646198918045,0.3307007869577845
2023-06-20,0.0,0.0,0.0,0.0,0.0,663.1675504440227,665.1845340806718,0.0,1328.3520845246944,-0.0017650116811455119,0.32835208452469433
2023-06-21,0.0,0.0,0.0,0.0,0.0,666.5697517683211,670.1253105261499,0.0,1336.695062294471,0.006280697615468345,0.3366950622944709
2023-06-22,0.0,0.0,0.0,0.0,0.0,663.4292582381994,661.0238802318482,0.0,1324.4531384700476,-0.009158351945588672,0.32445313847004753
2023-06-23,0.0,0.0,0.0,0.0,0.0,669.1868297100891,672.7257191816647,0.0,1341.9125488917539,0.013182354221965564,0.3419125488917538
2023-06-26,0.0,0.0,0.0,0.0,0.0,668.4017063275587,671.1654739883558,0.0,1339.5671803159144,-0.001747780492682982,0.3395671803159144
2023-06-27,0.0,0.0,0.0,0.0,0.0,664.4760894149066,661.0238802318482,0.0,1325.4999696467548,-0.010501310330581548,0.32549996964675487
2023-06-28,0.0,0.0,0.0,0.0,0.0,672.0656154460339,671.6855557194586,0.0,1343.7511711654925,0.013769296066903358,0.34375117116549236
2023-06-29,0.0,0.0,0.0,0.0,0.0,678.6083103004541,680.2669042826573,0.0,1358.8752145831113,0.011255092268683375,0.35887521458311133
2023-06-30,0.0,0.0,0.0,0.0,0.0,681.6604566134332,681.6604566134332,0.0,1363.3209132268664,0.0032716018336673702,0.36332091322686644
2023-07-07,0.0,0.0,0.0,0.0,0.0,676.171626249598,679.0567115537943,0.0,1355.2283378033924,-0.005935928470663265,0.35522833780339247
2023-07-10,0.0,0.0,0.0,0.0,0.0,672.5124060070412,674.3699704464445,0.0,1346.882376453486,-0.006158343296919222,0.34688237645348585
2023-07-14,0.0,0.0,0.0,0.0,0.0,670.9441687602313,680.8793330955416,0.0,1351.823501855773,0.0036685648937642146,0.35182350185577294
2023-07-17,0.0,0.0,0.0,0.0,0.0,670.6827958857629,680.3585840836138,0.0,1351.0413799693765,-0.0005785680492481626,0.35104137996937657
2023-07-19,0.0,0.0,0.0,0.0,0.0,678.2626092453448,692.85656036988,0.0,1371.1191696152248,0.014860973130447874,0.37111916961522473
2023-07-20,0.0,0.0,0.0,0.0,0.0,680.0922193666232,690.7735643221689,0.0,1370.8657836887921,-0.0001848022637621627,0.3708657836887921
2023-07-21,0.0,0.0,0.0,0.0,0.0,685.0583039815217,686.347197720783,0.0,1371.4055017023047,0.0003937059484118155,0.3714055017023048
2023-07-24,0.0,0.0,0.0,0.0,0.0,682.7059481113066,682.1812056253609,0.0,1364.8871537366676,-0.004753042012406894,0.3648871537366676
2023-07-26,0.0,0.0,0.0,0.0,0.0,685.0583039815217,684.2642016730719,0.0,1369.3225056545934,0.003249610713811135,0.36932250565459346
2023-07-28,0.0,0.0,0.0,0.0,0.0,684.2681951470898,684.2681951470898,0.0,1368.5363902941797,-0.0005740907325830769,0.3685363902941796
2023-08-03,0.0,0.0,0.0,0.0,0.0,690.2843145998356,688.6912215035538,0.0,1378.9755361033895,0.007627963628329848,0.3789755361033895
2023-08-04,0.0,0.0,0.0,0.0,0.0,696.5620044635704,698.057630258419,0.0,1394.6196347219893,0.011344725275406864,0.39461963472198924
2023-08-07,0.0,0.0,0.0,0.0,0.0,690.2843145998356,690.7726456713017,0.0,1381.0569602711373,-0.009724998926718631,0.38105696027113733
2023-08-08,0.0,0.0,0.0,0.0,0.0,697.0851452855483,695.7160280697027,0.0,1392.801173355251,0.008503786173893912,0.392801173355251
2023-08-09,0.0,0.0,0.0,0.0,0.0,697.869856518515,695.1956720277658,0.0,1393.0655285462808,0.00018980109730448724,0.39306552854628074
2023-08-10,0.0,0.0,0.0,0.0,0.0,695.2541524086256,688.9513995245223,0.0,1384.205551933148,-0.006360057320762613,0.384205551933148
2023-08-11,0.0,0.0,0.0,0.0,0.0,696.8235748745593,692.073535776144,0.0,1388.8971106507033,0.0033893511776508234,0.3888971106507033
2023-08-14,0.0,0.0,0.0,0.0,0.0,697.869856518515,688.4310434825853,0.0,1386.3009000011002,-0.0018692606023110736,0.3863009000011002
2023-08-16,0.0,0.0,0.0,0.0,0.0,698.392997340493,693.8947819229232,0.0,1392.2877792634163,0.004318600141074214,0.3922877792634163
2023-08-17,0.0,0.0,0.0,0.0,0.0,696.3004340525814,688.6912215035537,0.0,1384.9916555561351,-0.005240384793969155,0.38499165555613524
2023-08-18,0.0,0.0,0.0,0.0,0.0,688.7148921339019,679.0646347277202,0.0,1367.7795268616221,-0.01242760461802317,0.3677795268616222
2023-08-21,0.0,0.0,0.0,0.0,0.0,690.2843145998356,680.3655248325626,0.0,1370.6498394323983,0.0020985199108529695,0.37064983943239826
2023-08-22,0.0,0.0,0.0,0.0,0.0,692.3768778877471,689.2115775454907,0.0,1381.5884554332379,0.007980605758046488,0.3815884554332378
2023-08-23,0.0,0.0,0.0,0.0,0.0,694.2078707646697,692.3337137971125,0.0,1386.5415845617822,0.003585097363158818,0.3865415845617821
2023-08-24,0.0,0.0,0.0,0.0,0.0,695.2541524086255,699.3585203632613,0.0,1394.6126727718868,0.005821021381522851,0.39461267277188683
2023-08-25,0.0,0.0,0.0,0.0,0.0,682.960343092145,675.68232045513,0.0,1358.6426635472749,-0.025792114130957278,0.3586426635472748
2023-08-28,0.0,0.0,0.0,0.0,0.0,687.4070400789572,683.2274830632159,0.0,1370.634523142173,0.00882635288633482,0.37063452314217304
2023-08-29,0.0,0.0,0.0,0.0,0.0,691.0690258328024,687.9106874406484,0.0,1378.9797132734507,0.006088559707474905,0.3789797132734507
2023-08-30,0.0,0.0,0.0,0.0,0.0,701.5318422723603,702.7408346358515,0.0,1404.272676908212,0.018341795308010944,0.4042726769082119
2023-08-31,0.0,0.0,0.0,0.0,0.0,705.3962218613244,705.3962218613244,0.0,1410.7924437226488,0.004642806857704906,0.4107924437226489
2023-09-01,0.0,0.0,0.0,0.0,0.0,701.7291044806863,704.0971496295356,0.0,1405.8262541102217,-0.0035201419135212353,0.4058262541102218
2023-09-04,0.0,0.0,0.0,0.0,0.0,703.8246001267652,705.91585075404,0.0,1409.7404508808052,0.0027842677991960496,0.40974045088080513
2023-09-05,0.0,0.0,0.0,0.0,0.0,707.2297805516434,709.0336241103331,0.0,1416.2634046619764,0.004627060092583513,0.4162634046619764
2023-09-06,0.0,0.0,0.0,0.0,0.0,705.3962218613244,710.8523252348375,0.0,1416.248547096162,-1.0490679746122389e-05,0.4162485470961619
2023-09-07,0.0,0.0,0.0,0.0,0.0,701.9910414364462,704.876592968609,0.0,1406.867634405055,-0.006623775685660083,0.406867634405055
2023-09-08,0.0,0.0,0.0,0.0,0.0,701.9910414364462,703.5775207368201,0.0,1405.5685621732664,-0.0009233791438651995,0.4055685621732663
2023-09-11,0.0,0.0,0.0,0.0,0.0,702.7768523037258,704.876592968609,0.0,1407.653445272335,0.0014833023127984735,0.4076534452723348
2023-09-12,0.0,0.0,0.0,0.0,0.0,702.5149153479659,707.4747374321867,0.0,1409.9896527801525,0.0016596467800109593,0.40998965278015254
2023-09-13,0.0,0.0,0.0,0.0,0.0,699.3716718788476,700.459747380527,0.0,1399.8314192593746,-0.007204473806420086,0.3998314192593746
2023-09-14,0.0,0.0,0.0,0.0,0.0,701.4671675249266,704.6167785222511,0.0,1406.0839460471777,0.004466628410949136,0.4060839460471777
2023-09-15,0.0,0.0,0.0,0.0,0.0,706.1820327286042,709.0336241103331,0.0,1415.2156568389373,0.006494427887773657,0.41521565683893735
2023-09-18,0.0,0.0,0.0,0.0,0.0,696.752302321249,695.2634584533718,0.0,1392.0157607746207,-0.016393187817139054,0.39201576077462064
2023-09-19,0.0,0.0,0.0,0.0,0.0,697.5381131885285,696.042901792445,0.0,1393.5810149809736,0.0011244514972170716,0.39358101498097353
2023-09-20,0.0,0.0,0.0,0.0,0.0,697.8000501442884,697.082159577876,0.0,1394.8822097221646,0.0009337058464511383,0.3948822097221645
2023-09-21,0.0,0.0,0.0,0.0,0.0,694.6568066751701,689.0279117407854,0.0,1383.6847184159556,-0.008027553314655433,0.38368471841595553
2023-09-22,0.0,0.0,0.0,0.0,0.0,685.2270762678148,679.674591671906,0.0,1364.901667939721,-0.013574660633484115,0.364901667939721
2023-09-25,0.0,0.0,0.0,0.0,0.0,683.3935175774957,679.674591671906,0.0,1363.0681092494017,-0.0013433632131807371,0.3630681092494017
2023-09-26,0.0,0.0,0.0,0.0,0.0,687.5845088696536,683.052179474557,0.0,1370.6366883442106,0.005552605217193918,0.3706366883442107
2023-09-27,0.0,0.0,0.0,0.0,0.0,680.8823959994044,680.8823959994044,0.0,1361.7647919988087,-0.006472828591885693,0.36176479199880873
2023-10-04,0.0,0.0,0.0,0.0,0.0,674.8753783131802,680.8823959994044,0.0,1355.7577743125846,-0.004411200613732236,0.3557577743125846
2023-10-05,0.0,0.0,0.0,0.0,0.0,677.2259504512679,689.2207950319266,0.0,1366.4467454831945,0.007884130464256067,0.36644674548319456
2023-10-06,0.0,0.0,0.0,0.0,0.0,675.9200770412191,686.6150453342634,0.0,1362.5351223754824,-0.0028626238970834716,0.36253512237548247
2023-10-10,0.0,0.0,0.0,0.0,0.0,688.9788111417064,702.5101184900092,0.0,1391.4889296317156,0.021249952959564222,0.39148892963171567
2023-10-11,0.0,0.0,0.0,0.0,0.0,687.4117630496479,701.9889685504764,0.0,1389.4007316001243,-0.0015006932409760143,0.38940073160012445
2023-10-12,0.0,0.0,0.0,0.0,0.0,692.6352566898428,708.5033427946345,0.0,1401.1385994844773,0.00844815150689815,0.40113859948447717
2023-10-13,0.0,0.0,0.0,0.0,0.0,691.3293832797941,708.2427678248681,0.0,1399.5721511046622,-0.0011179824611150524,0.39957215110466215
2023-10-16,0.0,0.0,0.0,0.0,0.0,691.8517326438136,704.5947182481397,0.0,1396.4464508919532,-0.0022333255275491792,0.3964464508919532
2023-10-17,0.0,0.0,0.0,0.0,0.0,696.0305275559696,709.0244927341672,0.0,1405.0550202901368,0.006164625498303211,0.40505502029013685
2023-10-18,0.0,0.0,0.0,0.0,0.0,693.6799554178818,703.8129933388408,0.0,1397.4929487567226,-0.00538204655633534,0.3974929487567227
2023-10-19,0.0,0.0,0.0,0.0,0.0,688.456461777687,698.6014939435142,0.0,1387.0579557212013,-0.007466937879582747,0.3870579557212013
2023-10-20,0.0,0.0,0.0,0.0,0.0,678.7929985433263,688.1784951528613,0.0,1366.9714936961877,-0.014481343005288916,0.36697149369618765
2023-10-23,0.0,0.0,0.0,0.0,0.0,675.13655299519,683.4881456970675,0.0,1358.6246986922574,-0.006106049059853569,0.35862469869225744
2023-10-24,0.0,0.0,0.0,0.0,0.0,669.6518846729854,682.1852708482359,0.0,1351.8371555212211,-0.004995892668203106,0.3518371555212212
2023-10-25,0.0,0.0,0.0,0.0,0.0,673.3083302211219,684.7910205458992,0.0,1358.099350767021,0.004632359171534484,0.35809935076702093
2023-10-26,0.0,0.0,0.0,0.0,0.0,666.5177884888685,669.1565223599197,0.0,1335.674310848788,-0.01651207616406547,0.33567431084878807
2023-10-27,0.0,0.0,0.0,0.0,0.0,663.3836923047515,666.8113476320227,0.0,1330.1950399367743,-0.004102250726475298,0.33019503993677435
2023-10-30,0.0,0.0,0.0,0.0,0.0,657.8990239825469,666.5507726622563,0.0,1324.4497966448032,-0.004319098417510325,0.3244497966448032
2023-10-31,0.0,0.0,0.0,663.1396094216791,663.1396094216791,0.0,0.0,0.0,1326.2792188433582,0.0013812695680799347,0.3262792188433581
2023-11-01,0.0,0.0,0.0,663.4291900371471,672.2928929405884,0.0,0.0,0.0,1335.7220829777357,0.007119816099216747,0.33572208297773565
2023-11-02,0.0,0.0,0.0,698.758025124241,682.3930678580057,0.0,0.0,0.0,1381.1510929822466,0.034010824993800925,0.3811510929822466
2023-11-03,0.0,0.0,0.0,702.8121537407927,690.5994599784071,0.0,0.0,0.0,1393.4116137192,0.008877030760247928,0.3934116137192001
2023-11-06,0.0,0.0,0.0,805.6132722319264,722.1625065953361,0.0,0.0,0.0,1527.7757788272625,0.09642819378362066,0.5277757788272626
2023-11-07,0.0,0.0,0.0,766.230308528281,709.5372879485645,0.0,0.0,0.0,1475.7675964768455,-0.03404176389701574,0.4757675964768455
2023-11-08,0.0,0.0,0.0,745.6700848300542,703.2246786251787,0.0,0.0,0.0,1448.8947634552328,-0.018209393596774426,0.4488947634552327
2023-11-09,0.0,0.0,0.0,738.7201500588226,706.0653528207023,0.0,0.0,0.0,1444.7855028795248,-0.002836134603667495,0.4447855028795247
2023-11-10,0.0,0.0,0.0,723.0827968235515,702.2777872266709,0.0,0.0,0.0,1425.3605840502223,-0.013444846166152491,0.42536058405022237
2023-11-13,0.0,0.0,0.0,711.7891528203002,701.9621567605016,0.0,0.0,0.0,1413.7513095808017,-0.008144798305304901,0.41375130958080164
2023-11-14,0.0,0.0,0.0,731.7702152875909,709.2216574823954,0.0,0.0,0.0,1440.9918727699862,0.019268285026212917,0.4409918727699862
2023-11-15,0.0,0.0,0.0,743.6430205217781,724.3719198585213,0.0,0.0,0.0,1468.0149403802993,0.01875310202712477,0.46801494038029934
2023-11-16,0.0,0.0,0.0,741.0367949825663,724.3719198585213,0.0,0.0,0.0,1465.4087148410877,-0.001775339928445474,0.4654087148410877
2023-11-17,0.0,0.0,0.0,726.2681835936993,720.2687237983205,0.0,0.0,0.0,1446.5369073920197,-0.012878186991753027,0.44653690739201957
2023-11-20,0.0,0.0,0.0,744.2221817527142,725.0031807908598,0.0,0.0,0.0,1469.225362543574,0.015684670771698217,0.46922536254357405
2023-11-21,0.0,0.0,0.0,745.380504214586,729.1063768510605,0.0,0.0,0.0,1474.4868810656467,0.0035811514395338584,0.4744868810656466
2023-11-22,0.0,0.0,0.0,740.1680531361624,730.684529181907,0.0,0.0,0.0,1470.8525823180694,-0.0024647887982229832,0.47085258231806937
2023-11-23,0.0,0.0,0.0,744.5117623681821,730.684529181907,0.0,0.0,0.0,1475.196291550089,0.002953191423965773,0.4751962915500889
2023-11-24,0.0,0.0,0.0,737.2722469814826,725.3188112570291,0.0,0.0,0.0,1462.5910582385118,-0.008544783757781782,0.46259105823851177
2023-11-27,0.0,0.0,0.0,734.0868602113347,723.7406589261826,0.0,0.0,0.0,1457.8275191375174,-0.0032569179704485807,0.4578275191375174
2023-11-28,0.0,0.0,0.0,743.0638592908422,732.5783119789228,0.0,0.0,0.0,1475.642171269765,0.012219999896000866,0.47564217126976494
2023-11-29,0.0,0.0,0.0,751.7512777548816,730.0532682495685,0.0,0.0,0.0,1481.80454600445,0.004176063042019562,0.48180454600445
2023-11-30,0.0,0.0,0.0,748.2184218121517,748.2184218121517,0.0,0.0,0.0,1496.4368436243035,0.009874647543299808,0.4964368436243034
2023-12-01,0.0,0.0,0.0,746.5101605751378,739.2269557989586,0.0,0.0,0.0,1485.7371163740963,-0.007150136202402568,0.4857371163740962
2023-12-04,0.0,0.0,0.0,746.7948707813067,742.4381936608132,0.0,0.0,0.0,1489.23306444212,0.002353005810715292,0.4892330644421199
2023-12-05,0.0,0.0,0.0,735.1217523283774,734.7312227923618,0.0,0.0,0.0,1469.8529751207393,-0.01301346967382877,0.4698529751207392
2023-12-06,0.0,0.0,0.0,740.2465360394197,736.3368417232891,0.0,0.0,0.0,1476.5833777627088,0.004578963172433337,0.47658337776270887
2023-12-07,0.0,0.0,0.0,733.4134910913634,734.7312227923618,0.0,0.0,0.0,1468.1447138837252,-0.005714993143001279,0.46814471388372514
2023-12-08,0.0,0.0,0.0,753.343205523194,744.364936377926,0.0,0.0,0.0,1497.7081419011201,0.02013658990004452,0.4977081419011202
2023-12-11,0.0,0.0,0.0,758.4679892342361,746.2916790950388,0.0,0.0,0.0,1504.759668329275,0.004708211320266997,0.504759668329275
2023-12-12,0.0,0.0,0.0,761.5998015020953,750.4662883154499,0.0,0.0,0.0,1512.0660898175452,0.004855540484004717,0.5120660898175451
2023-12-13,0.0,0.0,0.0,747.6490013998139,742.7593174469986,0.0,0.0,0.0,1490.4083188468126,-0.014323296525581064,0.49040831884681246
2023-12-14,0.0,0.0,0.0,763.5927729452783,752.3930310325627,0.0,0.0,0.0,1515.985803977841,0.01716139450350007,0.5159858039778409
2023-12-15,0.0,0.0,0.0,764.4469035637853,756.5676402529738,0.0,0.0,0.0,1521.0145438167592,0.003317141773836685,0.5210145438167593
2023-12-18,0.0,0.0,0.0,778.3977036660666,758.4943829700867,0.0,0.0,0.0,1536.8920866361532,0.010438784352154507,0.5368920866361533
2023-12-19,0.0,0.0,0.0,789.5014017066579,759.4577543286432,0.0,0.0,0.0,1548.959156035301,0.007851604874587803,0.5489591560353011
2023-12-20,0.0,0.0,0.0,791.494373149841,773.9083247069894,0.0,0.0,0.0,1565.4026978568304,0.010615865342516795,0.5654026978568305
2023-12-21,0.0,0.0,0.0,786.3695894387988,768.7703441280219,0.0,0.0,0.0,1555.1399335668207,-0.006555989908577753,0.5551399335668206
2023-12-22,0.0,0.0,0.0,778.3977036660666,771.0182106313202,0.0,0.0,0.0,1549.4159142973867,-0.0036807101058137226,0.5494159142973867
2023-12-26,0.0,0.0,0.0,770.7105280995033,774.8716960655458,0.0,0.0,0.0,1545.5822241650492,-0.0024742808544573336,0.5455822241650492
2023-12-27,0.0,0.0,0.0,785.5154588202918,783.2209145063682,0.0,0.0,0.0,1568.73637332666,0.01498085886315037,0.5687363733266599
2023-12-28,0.0,0.0,0.0,794.9189603764901,794.9189603764901,0.0,0.0,0.0,1589.8379207529802,0.013451302452796687,0.5898379207529802
2024-01-02,0.0,0.0,0.0,801.1916350996904,800.0495385798075,0.0,0.0,0.0,1601.241173679498,0.007172588335996544,0.601241173679498
2024-01-03,0.0,0.0,0.0,787.2206777616532,777.2825978025865,0.0,0.0,0.0,1564.5032755642396,-0.022943388365937456,0.5645032755642396
2024-01-04,0.0,0.0,0.0,781.5182461951074,771.190036186147,0.0,0.0,0.0,1552.7082823812543,-0.007539129746296891,0.5527082823812544
2024-01-05,0.0,0.0,0.0,794.6338387981629,769.266069359903,0.0,0.0,0.0,1563.899908158066,0.007207809672817644,0.563899908158066
2024-01-08,0.0,0.0,0.0,792.6379877498717,766.380119120537,0.0,0.0,0.0,1559.0181068704087,-0.0031215560933224307,0.5590181068704088
2024-01-09,0.0,0.0,0.0,798.0552977380904,763.4941688811709,0.0,0.0,0.0,1561.5494666192612,0.0016236884855262979,0.5615494666192613
2024-01-10,0.0,0.0,0.0,786.6504346049987,754.8363181630727,0.0,0.0,0.0,1541.4867527680715,-0.012847952805891794,0.5414867527680716
2024-01-11,0.0,0.0,0.0,796.0594466897993,755.4776404384875,0.0,0.0,0.0,1551.5370871282867,0.006519896679078041,0.5515370871282868
2024-01-12,0.0,0.0,0.0,780.3777598817982,749.0644176843407,0.0,0.0,0.0,1529.442177566139,-0.014240658341620915,0.5294421775661389
2024-01-15,0.0,0.0,0.0,767.8324104353974,751.6297067859994,0.0,0.0,0.0,1519.4621172213967,-0.006525294313920349,0.5194621172213967
2024-01-16,0.0,0.0,0.0,764.4109514954699,741.0478892416572,0.0,0.0,0.0,1505.458840737127,-0.009215943145642336,0.505458840737127
2024-01-17,0.0,0.0,0.0,745.5929273258687,723.4115266677536,0.0,0.0,0.0,1469.0044539936223,-0.024214801333031,0.46900445399362223
2024-01-19,0.0,0.0,0.0,745.5929273258687,737.1999555891691,0.0,0.0,0.0,1482.7928829150378,0.009386240377917465,0.48279288291503786
2024-01-22,0.0,0.0,0.0,734.7583073494316,738.8032612777058,0.0,0.0,0.0,1473.5615686271374,-0.006225626245084492,0.4735615686271373
2024-01-23,0.0,0.0,0.0,735.6136720844135,742.3305337924866,0.0,0.0,0.0,1477.9442058769,0.0029741799345688325,0.4779442058769001
2024-01-24,0.0,0.0,0.0,731.6219699878313,738.4826001399985,0.0,0.0,0.0,1470.10457012783,-0.005304419285854345,0.4701045701278299
2024-01-25,0.0,0.0,0.0,720.2171068547397,740.0859058285351,0.0,0.0,0.0,1460.3030126832748,-0.006667251870186908,0.4603030126832748
2024-01-26,0.0,0.0,0.0,740.17561733765,741.3685503793645,0.0,0.0,0.0,1481.5441677170145,0.014545717463603447,0.48154416771701447
2024-01-29,0.0,0.0,0.0,725.6344168429581,750.0264010974626,0.0,0.0,0.0,1475.6608179404207,-0.0039710930695099345,0.4756608179404207
2024-01-30,0.0,0.0,0.0,727.9153894695766,749.0644176843406,0.0,0.0,0.0,1476.9798071539171,0.0008938295287512776,0.4769798071539171
2024-01-31,0.0,0.0,0.0,727.6379163724749,727.6379163724749,0.0,0.0,0.0,1455.2758327449499,-0.014694834894723452,0.45527583274494976
2024-02-01,0.0,0.0,0.0,731.7339882780699,739.5202716892579,0.0,0.0,0.0,1471.254259967328,0.01097965544596402,0.47125425996732795
2024-02-02,0.0,0.0,0.0,751.9217712413592,762.9722887618559,0.0,0.0,0.0,1514.8940600032151,0.029661630367586067,0.5148940600032152
2024-02-05,0.0,0.0,0.0,739.9261320892597,753.9041754937847,0.0,0.0,0.0,1493.8303075830445,-0.013904439245161493,0.4938303075830446
2024-02-06,0.0,0.0,0.0,737.8780961364622,751.4026270060409,0.0,0.0,0.0,1489.2807231425031,-0.0030455831679452317,0.48928072314250315
2024-02-07,0.0,0.0,0.0,744.6073571242254,762.659595200888,0.0,0.0,0.0,1507.2669523251134,0.012077124818118845,0.5072669523251134
2024-02-08,0.0,0.0,0.0,762.1619510053465,762.659595200888,0.0,0.0,0.0,1524.8215462062344,0.0116466388744485,0.5248215462062344
2024-02-13,0.0,0.0,0.0,780.5942745805239,771.4150149079913,0.0,0.0,0.0,1552.0092894885152,0.017830114841913103,0.5520092894885151
2024-02-14,0.0,0.0,0.0,784.1051933567481,760.7834338350802,0.0,0.0,0.0,1544.8886271918284,-0.004588028141914946,0.5448886271918283
2024-02-15,0.0,0.0,0.0,787.3235355682871,760.4707402741122,0.0,0.0,0.0,1547.7942758423992,0.001880814318539148,0.5477942758423993
2024-02-16,0.0,0.0,0.0,790.8344543445114,767.9753857373437,0.0,0.0,0.0,1558.809840081855,0.007116943389301911,0.5588098400818551
2024-02-19,0.0,0.0,0.0,792.2973371679382,779.8577410541266,0.0,0.0,0.0,1572.1550782220647,0.008561171348205443,0.5721550782220648
2024-02-20,0.0,0.0,0.0,798.4414450263306,771.1023213470232,0.0,0.0,0.0,1569.5437663733537,-0.001660975997141545,0.5695437663733538
2024-02-21,0.0,0.0,0.0,799.611751285072,769.2261599812153,0.0,0.0,0.0,1568.8379112662874,-0.00044971992638176417,0.5688379112662874
2024-02-22,0.0,0.0,0.0,805.4632825787792,773.291176273799,0.0,0.0,0.0,1578.7544588525782,0.006320951014172405,0.5787544588525781
2024-02-23,0.0,0.0,0.0,807.8038950962621,775.1673376396068,0.0,0.0,0.0,1582.9712327358689,0.0026709497855388342,0.5829712327358689
2024-02-26,0.0,0.0,0.0,812.1925435665423,769.8515471031512,0.0,0.0,0.0,1582.0440906696936,-0.0005856973563397316,0.5820440906696935
2024-02-27,0.0,0.0,0.0,798.1488684616454,762.6595952008879,0.0,0.0,0.0,1560.8084636625333,-0.013422904666437585,0.5608084636625332
2024-02-28,0.0,0.0,0.0,811.6073904371717,772.6657891518631,0.0,0.0,0.0,1584.273179589035,0.015033693417730642,0.584273179589035
2024-02-29,0.0,0.0,0.0,795.1885267274309,795.1885267274309,0.0,0.0,0.0,1590.3770534548619,0.00385279126382132,0.5903770534548618
2024-03-04,0.0,0.0,0.0,809.4035522320328,804.2064606068834,0.0,0.0,0.0,1613.6100128389162,0.014608459882883729,0.6136100128389161
2024-03-05,0.0,0.0,0.0,804.5704435604681,798.0871483315407,0.0,0.0,0.0,1602.657591892009,-0.006787526638879826,0.602657591892009
2024-03-06,0.0,0.0,0.0,808.5506507017566,795.1885267274309,0.0,0.0,0.0,1603.7391774291875,0.0006748700050780432,0.6037391774291876
2024-03-07,0.0,0.0,0.0,801.1588374393635,796.7988720630475,0.0,0.0,0.0,1597.957709502411,-0.0036049926372967445,0.5979577095024111
2024-03-08,0.0,0.0,0.0,818.5011685549779,807.105082210993,0.0,0.0,0.0,1625.6062507659708,0.01730242364935264,0.6256062507659708
2024-03-11,0.0,0.0,0.0,822.1970751861743,801.3078390027737,0.0,0.0,0.0,1623.504914188948,-0.0012926479435180216,0.6235049141889482
2024-03-12,0.0,0.0,0.0,841.5295098724329,807.7492203452397,0.0,0.0,0.0,1649.2787302176725,0.01587541608495857,0.6492787302176726
2024-03-13,0.0,0.0,0.0,838.6865047715124,811.6140491507192,0.0,0.0,0.0,1650.3005539222318,0.0006195579230106052,0.6503005539222317
2024-03-14,0.0,0.0,0.0,839.5394063017886,817.733361426062,0.0,0.0,0.0,1657.2727677278506,0.004224814558201562,0.6572727677278505
2024-03-15,0.0,0.0,0.0,827.314484367831,803.2402534055134,0.0,0.0,0.0,1630.5547377733444,-0.016121685261948238,0.6305547377733445
2024-03-18,0.0,0.0,0.0,842.666711912801,807.7492203452396,0.0,0.0,0.0,1650.4159322580406,0.012180636457392646,0.6504159322580405
2024-03-19,0.0,0.0,0.0,845.2254165036294,798.0871483315406,0.0,0.0,0.0,1643.31256483517,-0.0043039862158577025,0.6433125648351699
2024-03-20,0.0,0.0,0.0,842.6667119128011,813.546463553459,0.0,0.0,0.0,1656.21317546626,0.00785036937412098,0.6562131754662601
2024-03-21,0.0,0.0,0.0,859.1561414981393,834.1588838493502,0.0,0.0,0.0,1693.3150253474896,0.02240161497977744,0.6933150253474896
2024-03-22,0.0,0.0,0.0,860.5776440485995,831.2602622452406,0.0,0.0,0.0,1691.8379062938402,-0.000872323833154609,0.6918379062938402
2024-03-25,0.0,0.0,0.0,878.2042756743059,829.6499169096242,0.0,0.0,0.0,1707.85419258393,0.009466797162131835,0.7078541925839299
2024-03-26,0.0,0.0,0.0,882.4687833256864,836.4133673192134,0.0,0.0,0.0,1718.8821506448999,0.006457201152684444,0.7188821506448999
2024-03-27,0.0,0.0,0.0,875.3612705733855,839.311988923323,0.0,0.0,0.0,1714.6732594967084,-0.0024486211265922764,0.7146732594967085
2024-03-28,0.0,0.0,0.0,871.949664452281,837.7016435877066,0.0,0.0,0.0,1709.6513080399877,-0.0029288095728481345,0.7096513080399878
2024-03-29,0.0,0.0,0.0,850.7788337377218,850.7788337377218,0.0,0.0,0.0,1701.5576674754436,-0.004734088481365806,0.7015576674754436
2024-04-01,0.0,0.0,0.0,853.022153009278,852.7384011090948,0.0,0.0,0.0,1705.7605541183727,0.0024700230402210366,0.7057605541183727
2024-04-02,0.0,0.0,0.0,826.1023217506025,856.0043467280497,0.0,0.0,0.0,1682.1066684786522,-0.013867060990835345,0.6821066684786521
2024-04-03,0.0,0.0,0.0,811.5207464854866,842.2873751284395,0.0,0.0,0.0,1653.8081216139262,-0.016823277260008762,0.6538081216139262
2024-04-04,0.0,0.0,0.0,811.5207464854866,854.0447793566767,0.0,0.0,0.0,1665.5655258421634,0.007109291624933789,0.6655655258421633
2024-04-05,0.0,0.0,0.0,798.9020755829824,844.9001316236033,0.0,0.0,0.0,1643.8022072065858,-0.013066624097285762,0.6438022072065857
2024-04-08,0.0,0.0,0.0,793.2937774040917,849.1458609282445,0.0,0.0,0.0,1642.439638332336,-0.0008289129119526395,0.6424396383323361
2024-04-09,0.0,0.0,0.0,791.8917028593689,843.9203479379167,0.0,0.0,0.0,1635.8120507972858,-0.004035209197568834,0.6358120507972858
2024-04-11,0.0,0.0,0.0,791.3308730414798,843.2671588141258,0.0,0.0,0.0,1634.5980318556055,-0.0007421506285447688,0.6345980318556055
2024-04-12,0.0,0.0,0.0,789.9287984967572,835.4288893286343,0.0,0.0,0.0,1625.3576878253916,-0.005652976358795803,0.6253576878253917
2024-04-15,0.0,0.0,0.0,787.1246494073118,830.5299709002021,0.0,0.0,0.0,1617.654620307514,-0.004739306046648517,0.617654620307514
2024-04-16,0.0,0.0,0.0,770.0193399616951,812.2406754340552,0.0,0.0,0.0,1582.2600153957503,-0.021880198941993778,0.5822600153957502
2024-04-17,0.0,0.0,0.0,763.5697970559708,801.1364603296089,0.0,0.0,0.0,1564.7062573855796,-0.011094104533621918,0.5647062573855797
2024-04-18,0.0,0.0,0.0,786.5638195894227,816.4864047386964,0.0,0.0,0.0,1603.050224328119,0.02450553690927726,0.6030502243281188
2024-04-19,0.0,0.0,0.0,777.310127594253,801.1364603296089,0.0,0.0,0.0,1578.446587923862,-0.01534801345015191,0.5784465879238618
2024-04-22,0.0,0.0,0.0,786.0029897715336,812.2406754340552,0.0,0.0,0.0,1598.243665205589,0.012542126818346322,0.5982436652055889
2024-04-23,0.0,0.0,0.0,786.0029897715336,811.5874863102642,0.0,0.0,0.0,1597.590476081798,-0.0004086918271669626,0.597590476081798
2024-04-24,0.0,0.0,0.0,806.7536930334292,826.9374307193518,0.0,0.0,0.0,1633.691123752781,0.0225969347035182,0.6336911237527811
2024-04-25,0.0,0.0,0.0,793.2937774040914,812.8938645578462,0.0,0.0,0.0,1606.1876419619375,-0.016835178566475206,0.6061876419619374
2024-04-26,0.0,0.0,0.0,796.6587563114259,821.3853231671287,0.0,0.0,0.0,1618.0440794785545,0.007381726273360201,0.6180440794785544
2024-04-29,0.0,0.0,0.0,807.3145228513183,829.2235926526201,0.0,0.0,0.0,1636.5381155039386,0.011429871571449368,0.6365381155039385
2024-04-30,0.0,0.0,0.0,0.0,0.0,820.0653278423943,820.0653278423943,0.0,1640.1306556847885,0.0021952071551623042,0.6401306556847886
2024-05-02,0.0,0.0,0.0,0.0,0.0,805.7410426399069,799.5135684038013,0.0,1605.2546110437083,-0.021264186801336682,0.6052546110437083
2024-05-03,0.0,0.0,0.0,0.0,0.0,803.1831345680342,800.7667244671301,0.0,1603.9498590351643,-0.0008128006607598381,0.6039498590351644
