Date,port_val,일별수익률,누적수익률
2015-10-30 00:00:00,100000000,,
2015-11-02 00:00:00,99455050,-0.0054495,-0.0054495
2015-11-03 00:00:00,100018270,0.005663061,0.000213561
2015-11-04 00:00:00,100129250,0.001109597,0.001323158
2015-11-05 00:00:00,100208970,0.000796171,0.002119329
2015-11-06 00:00:00,100030920,-0.001776787,0.000342542
2015-11-09 00:00:00,100419510,0.003884699,0.004227241
2015-11-10 00:00:00,99882870,-0.005343981,-0.001116741
2015-11-11 00:00:00,99705160,-0.001779184,-0.002895925
2015-11-12 00:00:00,99794340,0.000894437,-0.002001487
2015-11-13 00:00:00,99161690,-0.006339538,-0.008341025
2015-11-16 00:00:00,98499860,-0.006674251,-0.015015276
2015-11-17 00:00:00,99346780,0.008598185,-0.006417091
2015-11-18 00:00:00,99228700,-0.001188564,-0.007605655
2015-11-19 00:00:00,99976980,0.007540963,-6.46919E-05
2015-11-20 00:00:00,99834670,-0.001423428,-0.00148812
2015-11-23 00:00:00,100236880,0.004028761,0.002540641
2015-11-24 00:00:00,100058440,-0.001780183,0.000760458
2015-11-25 00:00:00,99894490,-0.001638542,-0.000878084
2015-11-26 00:00:00,100135260,0.002410243,0.001532159
2015-11-27 00:00:00,100185940,0.000506115,0.002038274
2015-11-30 00:00:00,100041600,-0.001440721,0.000597553
2015-12-01 00:00:00,100323950,0.002822326,0.003419879
2015-12-02 00:00:00,100526195,0.002015919,0.005435798
2015-12-03 00:00:00,100272355,-0.002525113,0.002910685
2015-12-04 00:00:00,99405730,-0.008642711,-0.005732026
2015-12-07 00:00:00,100247100,0.008463999,0.002731973
2015-12-08 00:00:00,100085865,-0.001608376,0.001123598
2015-12-09 00:00:00,100200015,0.001140521,0.002264118
2015-12-10 00:00:00,99884675,-0.003147105,-0.000882987
2015-12-11 00:00:00,99871655,-0.00013035,-0.001013337
2015-12-14 00:00:00,99134510,-0.007380923,-0.00839426
2015-12-15 00:00:00,99178890,0.000447675,-0.007946586
2015-12-16 00:00:00,99667745,0.004929023,-0.003017563
2015-12-17 00:00:00,100105195,0.004389083,0.00137152
2015-12-18 00:00:00,99538705,-0.005658947,-0.004287427
2015-12-21 00:00:00,99141900,-0.003986439,-0.008273867
2015-12-22 00:00:00,99344470,0.002043233,-0.006230634
2015-12-23 00:00:00,99629860,0.002872732,-0.003357902
2015-12-24 00:00:00,99801535,0.001723128,-0.001634774
2015-12-28 00:00:00,99695205,-0.001065414,-0.002700188
2015-12-29 00:00:00,99262655,-0.004338724,-0.007038913
2015-12-30 00:00:00,99717530,0.004582539,-0.002456374
2016-01-04 00:00:00,98678505,-0.010419682,-0.012876056
2016-01-05 00:00:00,98509395,-0.001713747,-0.014589803
2016-01-06 00:00:00,98205560,-0.003084325,-0.017674128
2016-01-07 00:00:00,97504470,-0.007139005,-0.024813133
2016-01-08 00:00:00,97341275,-0.001673718,-0.026486851
2016-01-11 00:00:00,96637330,-0.007231722,-0.033718573
2016-01-12 00:00:00,96575565,-0.000639142,-0.034357715
2016-01-13 00:00:00,97494135,0.009511412,-0.024846303
2016-01-14 00:00:00,96252410,-0.012736407,-0.03758271
2016-01-15 00:00:00,96512085,0.002697855,-0.034884856
2016-01-18 00:00:00,95813270,-0.007240699,-0.042125555
2016-01-19 00:00:00,96093840,0.0029283,-0.039197255
2016-01-20 00:00:00,94974315,-0.011650331,-0.050847586
2016-01-21 00:00:00,95306610,0.003498788,-0.047348798
2016-01-22 00:00:00,95879780,0.006013959,-0.041334839
2016-01-25 00:00:00,96256720,0.003931382,-0.037403458
2016-01-26 00:00:00,95711710,-0.005662046,-0.043065504
2016-01-27 00:00:00,96140400,0.004478971,-0.038586533
2016-01-28 00:00:00,95926660,-0.002223207,-0.04080974
2016-01-29 00:00:00,96223215,0.003091476,-0.037718263
2016-02-01 00:00:00,96912195,0.007160226,-0.030558037
2016-02-02 00:00:00,96773710,-0.001428974,-0.031987011
2016-02-03 00:00:00,96320160,-0.004686707,-0.036673717
2016-02-04 00:00:00,96523840,0.002114614,-0.034559103
2016-02-05 00:00:00,96228550,-0.003059244,-0.037618347
2016-02-11 00:00:00,94411525,-0.01888239,-0.056500737
2016-02-12 00:00:00,94497185,0.000907304,-0.055593433
2016-02-15 00:00:00,95611295,0.011789875,-0.043803558
2016-02-16 00:00:00,96236405,0.006538035,-0.037265523
2016-02-17 00:00:00,96115720,-0.001254047,-0.03851957
2016-02-18 00:00:00,97198760,0.011268084,-0.027251486
2016-02-19 00:00:00,97111585,-0.000896874,-0.02814836
2016-02-22 00:00:00,97275810,0.001691096,-0.026457264
2016-02-23 00:00:00,97380605,0.001077298,-0.025379966
2016-02-24 00:00:00,97037460,-0.003523751,-0.028903717
2016-02-25 00:00:00,97533275,0.005109522,-0.023794195
2016-02-26 00:00:00,97893670,0.003695098,-0.020099097
2016-02-29 00:00:00,97557650,-0.0034325,-0.023531597
2016-03-02 00:00:00,98710500,0.011817115,-0.011714482
2016-03-03 00:00:00,98568785,-0.001435663,-0.013150145
2016-03-04 00:00:00,98367550,-0.002041569,-0.015191714
2016-03-07 00:00:00,98309710,-0.000587999,-0.015779713
2016-03-08 00:00:00,98191910,-0.001198254,-0.016977967
2016-03-09 00:00:00,98279440,0.000891418,-0.016086549
2016-03-10 00:00:00,98411300,0.001341684,-0.014744865
2016-03-11 00:00:00,98267130,-0.001464974,-0.016209839
2016-03-14 00:00:00,98462900,0.001992223,-0.014217616
2016-03-15 00:00:00,98407055,-0.000567168,-0.014784784
2016-03-16 00:00:00,98621255,0.002176673,-0.012608111
2016-03-17 00:00:00,98654100,0.000333042,-0.012275069
2016-03-18 00:00:00,98551240,-0.001042633,-0.013317702
2016-03-21 00:00:00,98577755,0.000269048,-0.013048654
2016-03-22 00:00:00,98663710,0.000871951,-0.012176703
2016-03-23 00:00:00,98756140,0.000936819,-0.011239884
2016-03-24 00:00:00,98538460,-0.002204217,-0.013444101
2016-03-25 00:00:00,98819745,0.002854571,-0.010589531
2016-03-28 00:00:00,98734450,-0.000863137,-0.011452668
2016-03-29 00:00:00,98603175,-0.001329576,-0.012782244
2016-03-30 00:00:00,98998855,0.004012853,-0.008769392
2016-03-31 00:00:00,98893670,-0.001062487,-0.009831879
2016-04-01 00:00:00,98725350,-0.00170203,-0.011533909
2016-04-04 00:00:00,99182740,0.004632954,-0.006900955
2016-04-05 00:00:00,98952430,-0.002322077,-0.009223032
2016-04-06 00:00:00,98885520,-0.000676183,-0.009899216
2016-04-07 00:00:00,99188755,0.003066526,-0.00683269
2016-04-08 00:00:00,98810540,-0.003813083,-0.010645774
2016-04-11 00:00:00,98611680,-0.002012538,-0.012658312
2016-04-12 00:00:00,98565655,-0.00046673,-0.013125042
2016-04-14 00:00:00,99709925,0.011609216,-0.001515825
2016-04-15 00:00:00,99610350,-0.000998647,-0.002514472
2016-04-18 00:00:00,99316415,-0.002950848,-0.00546532
2016-04-19 00:00:00,99599245,0.002847767,-0.002617553
2016-04-20 00:00:00,99306355,-0.002940685,-0.005558238
2016-04-21 00:00:00,99631385,0.003273003,-0.002285235
2016-04-22 00:00:00,99434055,-0.001980601,-0.004265836
2016-04-25 00:00:00,99362065,-0.000723997,-0.004989833
2016-04-26 00:00:00,99349840,-0.000123035,-0.005112868
2016-04-27 00:00:00,99060565,-0.002911681,-0.008024549
2016-04-28 00:00:00,98571855,-0.004933447,-0.012957995
2016-04-29 00:00:00,98308070,-0.002676068,-0.015634064
2016-05-02 00:00:00,98115215,-0.001961741,-0.017595805
2016-05-03 00:00:00,98335655,0.002246746,-0.015349059
2016-05-04 00:00:00,98359900,0.000246554,-0.015102505
2016-05-09 00:00:00,98509635,0.001522318,-0.013580187
2016-05-10 00:00:00,98717280,0.002107865,-0.011472323
2016-05-11 00:00:00,98892980,0.00177983,-0.009692492
2016-05-12 00:00:00,98679040,-0.002163349,-0.011855841
2016-05-13 00:00:00,98520685,-0.001604748,-0.013460589
2016-05-16 00:00:00,98555360,0.000351957,-0.013108633
2016-05-17 00:00:00,98818270,0.002667638,-0.010440995
2016-05-18 00:00:00,98598075,-0.002228282,-0.012669277
2016-05-19 00:00:00,98676655,0.000796973,-0.011872304
2016-05-20 00:00:00,98787875,0.001127116,-0.010745189
2016-05-23 00:00:00,98803070,0.000153814,-0.010591374
2016-05-24 00:00:00,98837020,0.000343613,-0.010247761
2016-05-25 00:00:00,99373010,0.005422968,-0.004824793
2016-05-26 00:00:00,99450390,0.000778682,-0.004046111
2016-05-27 00:00:00,99531740,0.000817996,-0.003228115
2016-05-30 00:00:00,99867540,0.003373798,0.000145683
2016-05-31 00:00:00,99895555,0.000280522,0.000426204
2016-06-01 00:00:00,99887600,-7.96332E-05,0.000346571
2016-06-02 00:00:00,99755190,-0.00132559,-0.000979019
2016-06-03 00:00:00,99903785,0.001489597,0.000510578
2016-06-07 00:00:00,99678640,-0.002253618,-0.00174304
2016-06-08 00:00:00,99551070,-0.001279813,-0.003022853
2016-06-09 00:00:00,99608695,0.000578849,-0.002444004
2016-06-10 00:00:00,99692235,0.000838682,-0.001605323
2016-06-13 00:00:00,99357765,-0.003355026,-0.004960348
2016-06-14 00:00:00,99165580,-0.001934273,-0.006894621
2016-06-15 00:00:00,99141790,-0.000239902,-0.007134523
2016-06-16 00:00:00,98951630,-0.001918061,-0.009052584
2016-06-17 00:00:00,99214465,0.002656197,-0.006396387
2016-06-20 00:00:00,99120745,-0.00094462,-0.007341007
2016-06-21 00:00:00,99010340,-0.001113844,-0.008454851
2016-06-22 00:00:00,98985740,-0.000248459,-0.00870331
2016-06-23 00:00:00,99039905,0.0005472,-0.00815611
2016-06-24 00:00:00,98260240,-0.007872231,-0.01602834
2016-06-27 00:00:00,98499995,0.00244,-0.01358834
2016-06-28 00:00:00,98309995,-0.001928934,-0.015517274
2016-06-29 00:00:00,98509925,0.002033669,-0.013483605
2016-06-30 00:00:00,98777700,0.002718254,-0.010765351
2016-07-01 00:00:00,99065415,0.002912753,-0.007852599
2016-07-04 00:00:00,99281690,0.002183153,-0.005669445
2016-07-05 00:00:00,99246460,-0.000354849,-0.006024294
2016-07-06 00:00:00,99175630,-0.000713678,-0.006737972
2016-07-07 00:00:00,99411670,0.00238002,-0.004357952
2016-07-08 00:00:00,99397235,-0.000145204,-0.004503156
2016-07-11 00:00:00,99849605,0.004551133,4.79765E-05
2016-07-12 00:00:00,99926495,0.000770058,0.000818035
2016-07-13 00:00:00,100029740,0.001033209,0.001851244
2016-07-14 00:00:00,99977075,-0.000526493,0.001324751
2016-07-15 00:00:00,100021905,0.000448403,0.001773153
2016-07-18 00:00:00,100042510,0.000206005,0.001979158
2016-07-19 00:00:00,100157530,0.001149711,0.00312887
2016-07-20 00:00:00,100168380,0.000108329,0.003237199
2016-07-21 00:00:00,100406700,0.002379194,0.005616393
2016-07-22 00:00:00,100217445,-0.001884884,0.003731509
2016-07-25 00:00:00,100383185,0.001653804,0.005385313
2016-07-26 00:00:00,100403885,0.00020621,0.005591522
2016-07-27 00:00:00,100476735,0.00072557,0.006317092
2016-07-28 00:00:00,100366365,-0.001098463,0.005218629
2016-07-29 00:00:00,100301085,-0.000650417,0.004568212
2016-08-01 00:00:00,100397505,0.000961306,0.005529517
2016-08-02 00:00:00,100396195,-1.30481E-05,0.005516469
2016-08-03 00:00:00,100123315,-0.002718031,0.002798438
2016-08-04 00:00:00,100195585,0.00072181,0.003520248
2016-08-05 00:00:00,100257780,0.000620736,0.004140984
2016-08-08 00:00:00,100477395,0.002190503,0.006331487
2016-08-09 00:00:00,100403485,-0.000735588,0.005595899
2016-08-10 00:00:00,100345770,-0.000574831,0.005021068
2016-08-11 00:00:00,100369730,0.000238774,0.005259842
2016-08-12 00:00:00,100439740,0.000697521,0.005957363
2016-08-16 00:00:00,100478435,0.000385256,0.006342619
2016-08-17 00:00:00,100553685,0.000748917,0.007091536
2016-08-18 00:00:00,100579085,0.000252601,0.007344138
2016-08-19 00:00:00,100730035,0.001500809,0.008844947
2016-08-22 00:00:00,100760420,0.000301648,0.009146595
2016-08-23 00:00:00,100760540,1.19094E-06,0.009147785
2016-08-24 00:00:00,100814590,0.00053642,0.009684206
2016-08-25 00:00:00,100646850,-0.001663846,0.008020359
2016-08-26 00:00:00,100540600,-0.001055671,0.006964688
2016-08-29 00:00:00,100633570,0.000924701,0.007889389
2016-08-30 00:00:00,100726180,0.000920269,0.008809658
2016-08-31 00:00:00,100590795,-0.001344089,0.007465569
2016-09-01 00:00:00,100681685,0.000903562,0.008369131
2016-09-02 00:00:00,100578255,-0.001027297,0.007341834
2016-09-05 00:00:00,100600690,0.00022306,0.007564894
2016-09-06 00:00:00,100540775,-0.000595572,0.006969321
2016-09-07 00:00:00,100511595,-0.000290231,0.006679091
2016-09-08 00:00:00,100546535,0.000347622,0.007026712
2016-09-09 00:00:00,100438595,-0.001073533,0.00595318
2016-09-12 00:00:00,99576100,-0.008587287,-0.002634107
2016-09-13 00:00:00,100284070,0.007109839,0.004475732
2016-09-19 00:00:00,100468895,0.001843015,0.006318746
2016-09-20 00:00:00,100385795,-0.000827122,0.005491625
2016-09-21 00:00:00,100517625,0.001313234,0.006804858
2016-09-22 00:00:00,100523590,5.93428E-05,0.006864201
2016-09-23 00:00:00,100735980,0.002112837,0.008977038
2016-09-26 00:00:00,100541905,-0.001926571,0.007050468
2016-09-27 00:00:00,100397540,-0.001435869,0.005614599
2016-09-28 00:00:00,100387070,-0.000104285,0.005510313
2016-09-29 00:00:00,100639930,0.00251885,0.008029163
2016-09-30 00:00:00,100293460,-0.003442669,0.004586494
2016-10-04 00:00:00,100545595,0.002513972,0.007100467
2016-10-05 00:00:00,100620320,0.000743195,0.007843662
2016-10-06 00:00:00,100712070,0.000911844,0.008755505
2016-10-07 00:00:00,100633640,-0.000778755,0.007976751
2016-10-10 00:00:00,100609935,-0.000235557,0.007741193
2016-10-11 00:00:00,100828650,0.002173891,0.009915084
2016-10-12 00:00:00,100594610,-0.002321166,0.007593918
2016-10-13 00:00:00,100486935,-0.001070385,0.006523533
2016-10-14 00:00:00,100630430,0.001427997,0.00795153
2016-10-17 00:00:00,100573310,-0.000567622,0.007383908
2016-10-18 00:00:00,100649080,0.000753381,0.008137289
2016-10-19 00:00:00,100564520,-0.000840147,0.007297142
2016-10-20 00:00:00,100682425,0.001172431,0.008469573
2016-10-21 00:00:00,100703640,0.000210712,0.008680285
2016-10-24 00:00:00,100822165,0.001176968,0.009857254
2016-10-25 00:00:00,101089040,0.002646987,0.012504241
2016-10-26 00:00:00,100822065,-0.002640989,0.009863253
2016-10-27 00:00:00,100829620,7.4934E-05,0.009938187
2016-10-28 00:00:00,100769340,-0.00059784,0.009340346
2016-10-31 00:00:00,100819595,0.000498713,0.00983906
2016-11-01 00:00:00,100779025,-0.000402402,0.009436658
2016-11-02 00:00:00,99683675,-0.010868829,-0.001432171
2016-11-03 00:00:00,99428405,-0.0025608,-0.003992972
2016-11-04 00:00:00,99346370,-0.000825066,-0.004818038
2016-11-07 00:00:00,100226270,0.008856891,0.004038853
2016-11-08 00:00:00,100441045,0.002142901,0.006181755
2016-11-09 00:00:00,98280180,-0.021513765,-0.01533201
2016-11-10 00:00:00,101469795,0.032454306,0.017122296
2016-11-11 00:00:00,100828540,-0.006319664,0.010802632
2016-11-14 00:00:00,100914365,0.000851197,0.011653829
2016-11-15 00:00:00,100214955,-0.006930728,0.004723101
2016-11-16 00:00:00,100986280,0.007696706,0.012419807
2016-11-17 00:00:00,101173910,0.001857975,0.014277782
2016-11-18 00:00:00,101125805,-0.000475468,0.013802314
2016-11-21 00:00:00,100741405,-0.003801206,0.010001108
2016-11-22 00:00:00,101223000,0.004780507,0.014781615
2016-11-23 00:00:00,101085390,-0.001359474,0.013422141
2016-11-24 00:00:00,100743245,-0.003384713,0.010037429
2016-11-25 00:00:00,100895610,0.001512409,0.011549838
2016-11-28 00:00:00,100666940,-0.002266402,0.009283436
2016-11-29 00:00:00,100557190,-0.001090229,0.008193207
2016-11-30 00:00:00,100846920,0.002881246,0.011074453
2016-12-01 00:00:00,100377340,-0.004656364,0.006418089
2016-12-02 00:00:00,99514830,-0.008592676,-0.002174588
2016-12-05 00:00:00,99275195,-0.002408033,-0.004582621
2016-12-06 00:00:00,99776600,0.005050657,0.000468037
2016-12-07 00:00:00,99918525,0.001422428,0.001890464
2016-12-08 00:00:00,100555070,0.00637064,0.008261105
2016-12-09 00:00:00,101161070,0.006026548,0.014287653
2016-12-12 00:00:00,101695680,0.00528474,0.019572394
2016-12-13 00:00:00,101886335,0.00187476,0.021447154
2016-12-14 00:00:00,102371905,0.004765801,0.026212955
2016-12-15 00:00:00,102581685,0.002049195,0.02826215
2016-12-16 00:00:00,102825190,0.002373767,0.030635917
2016-12-19 00:00:00,102821060,-4.01653E-05,0.030595751
2016-12-20 00:00:00,102650925,-0.001654671,0.028941081
2016-12-21 00:00:00,102788620,0.001341391,0.030282471
2016-12-22 00:00:00,102679930,-0.001057413,0.029225059
2016-12-23 00:00:00,102901120,0.00215417,0.031379228
2016-12-26 00:00:00,102922385,0.000206655,0.031585883
2016-12-27 00:00:00,103182540,0.002527681,0.034113565
2016-12-28 00:00:00,103552170,0.003582292,0.037695857
2016-12-29 00:00:00,103354290,-0.001910921,0.035784936
2017-01-02 00:00:00,103245705,-0.00105061,0.034734326
2017-01-03 00:00:00,103444840,0.001928749,0.036663075
2017-01-04 00:00:00,103760080,0.003047421,0.039710496
2017-01-05 00:00:00,103603590,-0.001508191,0.038202305
2017-01-06 00:00:00,103875275,0.002622351,0.040824656
2017-01-09 00:00:00,104421555,0.005258999,0.046083656
2017-01-10 00:00:00,103763095,-0.006305786,0.03977787
2017-01-11 00:00:00,104292550,0.005102537,0.044880406
2017-01-12 00:00:00,103894115,-0.003820359,0.041060047
2017-01-13 00:00:00,103947820,0.000516921,0.041576968
2017-01-16 00:00:00,103758750,-0.001818893,0.039758074
2017-01-17 00:00:00,103570710,-0.001812281,0.037945793
2017-01-18 00:00:00,103454725,-0.001119863,0.03682593
2017-01-19 00:00:00,103642205,0.001812194,0.038638124
2017-01-20 00:00:00,103502020,-0.001352586,0.037285538
2017-01-23 00:00:00,103115895,-0.003730604,0.033554935
2017-01-24 00:00:00,103058680,-0.000554861,0.033000073
2017-01-25 00:00:00,103371620,0.003036522,0.036036596
2017-01-26 00:00:00,103910200,0.005210134,0.04124673
2017-01-31 00:00:00,103454990,-0.004380802,0.036865928
2017-02-01 00:00:00,103811265,0.003443768,0.040309696
2017-02-02 00:00:00,103214710,-0.005746534,0.034563162
2017-02-03 00:00:00,103306095,0.000885387,0.035448549
2017-02-06 00:00:00,103490900,0.001788907,0.037237456
2017-02-07 00:00:00,103539410,0.000468737,0.037706193
2017-02-08 00:00:00,103583610,0.000426891,0.038133084
2017-02-09 00:00:00,103645940,0.000601736,0.03873482
2017-02-10 00:00:00,104040230,0.003804201,0.042539021
2017-02-13 00:00:00,104259425,0.002106829,0.04464585
2017-02-14 00:00:00,104017210,-0.002323195,0.042322655
2017-02-15 00:00:00,104508415,0.004722344,0.047044999
2017-02-16 00:00:00,104748355,0.002295892,0.04934089
2017-02-17 00:00:00,104816455,0.00065013,0.04999102
2017-02-20 00:00:00,105171175,0.003384201,0.053375221
2017-02-21 00:00:00,105324940,0.001462045,0.054837266
2017-02-22 00:00:00,105461985,0.001301164,0.05613843
2017-02-23 00:00:00,105170865,-0.002760426,0.053378004
2017-02-24 00:00:00,104866790,-0.002891247,0.050486757
2017-02-27 00:00:00,104915925,0.000468547,0.050955304
2017-02-28 00:00:00,104819725,-0.000916925,0.050038379
2017-03-02 00:00:00,105392620,0.005465527,0.055503905
2017-03-03 00:00:00,105069345,-0.00306734,0.052436565
2017-03-06 00:00:00,105197245,0.001217291,0.053653857
2017-03-07 00:00:00,105111000,-0.000819841,0.052834016
2017-03-08 00:00:00,104984490,-0.001203585,0.051630431
2017-03-09 00:00:00,105261960,0.002642962,0.054273393
2017-03-10 00:00:00,105619890,0.003400374,0.057673767
2017-03-13 00:00:00,105571135,-0.000461608,0.057212159
2017-03-14 00:00:00,105652555,0.000771234,0.057983392
2017-03-15 00:00:00,105244125,-0.003865784,0.054117608
2017-03-16 00:00:00,105650495,0.003861213,0.057978821
2017-03-17 00:00:00,105528760,-0.001152243,0.056826578
2017-03-20 00:00:00,105097570,-0.004085995,0.052740583
2017-03-21 00:00:00,105252765,0.001476675,0.054217259
2017-03-22 00:00:00,104642565,-0.005797472,0.048419786
2017-03-23 00:00:00,104943805,0.002878752,0.051298538
2017-03-24 00:00:00,105030945,0.000830349,0.052128887
2017-03-27 00:00:00,104434875,-0.005675185,0.046453703
2017-03-28 00:00:00,105038550,0.005780397,0.052234099
2017-03-29 00:00:00,105432365,0.003749243,0.055983342
2017-03-30 00:00:00,105479180,0.000444029,0.056427371
2017-03-31 00:00:00,105631465,0.001443745,0.057871115
2017-04-03 00:00:00,106192400,0.005310302,0.063181418
2017-04-04 00:00:00,105911855,-0.002641856,0.060539562
2017-04-05 00:00:00,106183965,0.002569212,0.063108774
2017-04-06 00:00:00,106223870,0.00037581,0.063484584
2017-04-07 00:00:00,106383195,0.001499898,0.064984482
2017-04-10 00:00:00,106042540,-0.00320215,0.061782332
2017-04-11 00:00:00,106141175,0.000930146,0.062712477
2017-04-12 00:00:00,105939765,-0.001897567,0.06081491
2017-04-13 00:00:00,105902160,-0.000354966,0.060459944
2017-04-14 00:00:00,105654460,-0.002338951,0.058120993
2017-04-17 00:00:00,105964245,0.002932058,0.061053051
2017-04-18 00:00:00,106538705,0.005421263,0.066474313
2017-04-19 00:00:00,106416625,-0.001145875,0.065328439
2017-04-20 00:00:00,106555665,0.001306563,0.066635002
2017-04-21 00:00:00,106862730,0.002881733,0.069516735
2017-04-24 00:00:00,106769690,-0.00087065,0.068646085
2017-04-25 00:00:00,107195530,0.003988398,0.072634483
2017-04-26 00:00:00,107539190,0.003205917,0.0758404
2017-04-27 00:00:00,107003175,-0.004984369,0.070856031
2017-04-28 00:00:00,107228625,0.002106947,0.072962978
2017-05-02 00:00:00,107519055,0.002708512,0.07567149
2017-05-04 00:00:00,107675030,0.001450673,0.077122163
2017-05-08 00:00:00,108204305,0.004915485,0.082037648
2017-05-10 00:00:00,108152965,-0.000474473,0.081563175
2017-05-11 00:00:00,108267840,0.001062153,0.082625328
2017-05-12 00:00:00,108072625,-0.001803075,0.080822254
2017-05-15 00:00:00,108233895,0.001492237,0.082314491
2017-05-16 00:00:00,108173745,-0.000555741,0.08175875
2017-05-17 00:00:00,108016540,-0.001453264,0.080305486
2017-05-18 00:00:00,107608710,-0.003775625,0.076529861
2017-05-19 00:00:00,107842860,0.002175939,0.0787058
2017-05-22 00:00:00,108064925,0.002059153,0.080764953
2017-05-23 00:00:00,108343535,0.002578172,0.083343126
2017-05-24 00:00:00,108460410,0.001078745,0.08442187
2017-05-25 00:00:00,108802825,0.003157051,0.087578921
2017-05-26 00:00:00,109112565,0.002846801,0.090425722
2017-05-29 00:00:00,109179240,0.000611066,0.091036788
2017-05-30 00:00:00,109091535,-0.000803312,0.090233476
2017-05-31 00:00:00,109011860,-0.00073035,0.089503126
2017-06-01 00:00:00,108987685,-0.000221765,0.089281361
2017-06-02 00:00:00,109524105,0.00492184,0.094203202
2017-06-05 00:00:00,109621840,0.000892361,0.095095562
2017-06-07 00:00:00,109503580,-0.0010788,0.094016763
2017-06-08 00:00:00,109694960,0.001747705,0.095764468
2017-06-09 00:00:00,109800210,0.000959479,0.096723947
2017-06-12 00:00:00,108981185,-0.00745923,0.089264717
2017-06-13 00:00:00,109191050,0.001925699,0.091190416
2017-06-14 00:00:00,109233280,0.000386753,0.09157717
2017-06-15 00:00:00,108974850,-0.002365854,0.089211316
2017-06-16 00:00:00,109140280,0.001518057,0.090729372
2017-06-19 00:00:00,109224395,0.000770705,0.091500078
2017-06-20 00:00:00,109722695,0.004562168,0.096062245
2017-06-21 00:00:00,109427725,-0.002688323,0.093373923
2017-06-22 00:00:00,109745720,0.002905982,0.096279905
2017-06-23 00:00:00,109783160,0.000341152,0.096621057
2017-06-26 00:00:00,109938740,0.001417157,0.098038214
2017-06-27 00:00:00,109738765,-0.001818968,0.096219247
2017-06-28 00:00:00,109318015,-0.003834105,0.092385141
2017-06-29 00:00:00,109872525,0.005072448,0.09745759
2017-06-30 00:00:00,109327245,-0.004962842,0.092494748
2017-07-03 00:00:00,109497695,0.001559081,0.094053828
2017-07-04 00:00:00,109207665,-0.002648732,0.091405097
2017-07-05 00:00:00,109206100,-1.43305E-05,0.091390766
2017-07-06 00:00:00,109513000,0.002810283,0.094201049
2017-07-07 00:00:00,109240460,-0.002488654,0.091712394
2017-07-10 00:00:00,109578020,0.003090064,0.094802458
2017-07-11 00:00:00,109731125,0.001397224,0.096199682
2017-07-12 00:00:00,109658175,-0.000664807,0.095534875
2017-07-13 00:00:00,110119755,0.004209262,0.099744137
2017-07-14 00:00:00,110102025,-0.000161007,0.099583131
2017-07-17 00:00:00,110350840,0.002259859,0.101842989
2017-07-18 00:00:00,110209980,-0.001276474,0.100566515
2017-07-19 00:00:00,110320835,0.001005853,0.101572368
2017-07-20 00:00:00,110784545,0.004203286,0.105775654
2017-07-21 00:00:00,110667590,-0.001055698,0.104719956
2017-07-24 00:00:00,110543720,-0.001119298,0.103600658
2017-07-25 00:00:00,110596270,0.000475378,0.104076035
2017-07-26 00:00:00,110681195,0.000767883,0.104843918
2017-07-27 00:00:00,110860835,0.00162304,0.106466958
2017-07-28 00:00:00,110181735,-0.006125698,0.10034126
2017-07-31 00:00:00,110269015,0.000792146,0.101133406
2017-08-01 00:00:00,110455110,0.001687645,0.102821052
2017-08-02 00:00:00,110730875,0.002496625,0.105317677
2017-08-03 00:00:00,110412985,-0.002870834,0.102446842
2017-08-04 00:00:00,110355725,-0.000518598,0.101928244
2017-08-07 00:00:00,110503605,0.00134003,0.103268274
2017-08-08 00:00:00,110498920,-4.23968E-05,0.103225877
2017-08-09 00:00:00,110286480,-0.001922553,0.101303325
2017-08-10 00:00:00,110310815,0.000220653,0.101523977
2017-08-11 00:00:00,109428185,-0.008001301,0.093522676
2017-08-14 00:00:00,109937790,0.004656981,0.098179658
2017-08-16 00:00:00,110265160,0.002977775,0.101157433
2017-08-17 00:00:00,110362505,0.000882826,0.102040259
2017-08-18 00:00:00,109886590,-0.004312289,0.09772797
2017-08-21 00:00:00,109613410,-0.002486018,0.095241953
2017-08-22 00:00:00,109735625,0.001114964,0.096356917
2017-08-23 00:00:00,110046365,0.002831715,0.099188631
2017-08-24 00:00:00,109901470,-0.001316672,0.097871959
2017-08-25 00:00:00,109854295,-0.000429248,0.097442711
2017-08-28 00:00:00,109509515,-0.003138521,0.09430419
2017-08-29 00:00:00,109521670,0.000110995,0.094415185
2017-08-30 00:00:00,109931945,0.003746062,0.098161247
2017-08-31 00:00:00,110251175,0.002903887,0.101065135
2017-09-01 00:00:00,110413245,0.001470007,0.102535142
2017-09-04 00:00:00,110228250,-0.001675478,0.100859663
2017-09-05 00:00:00,110233275,4.55872E-05,0.100905251
2017-09-06 00:00:00,110165320,-0.000616465,0.100288785
2017-09-07 00:00:00,110283660,0.001074204,0.101362989
2017-09-08 00:00:00,110305125,0.000194634,0.101557623
2017-09-11 00:00:00,110563420,0.002341641,0.103899264
2017-09-12 00:00:00,110713020,0.00135307,0.105252334
2017-09-13 00:00:00,110764800,0.000467696,0.10572003
2017-09-14 00:00:00,110998370,0.002108702,0.107828732
2017-09-15 00:00:00,110921820,-0.00068965,0.107139082
2017-09-18 00:00:00,111285845,0.003281816,0.110420898
2017-09-19 00:00:00,111259855,-0.000233543,0.110187356
2017-09-20 00:00:00,111208845,-0.000458476,0.109728879
2017-09-21 00:00:00,111222885,0.000126249,0.109855128
2017-09-25 00:00:00,110942345,-0.002522323,0.107332806
2017-09-26 00:00:00,110705375,-0.002135974,0.105196831
2017-09-27 00:00:00,110755295,0.000450927,0.105647758
2017-09-28 00:00:00,111301475,0.004931412,0.11057917
2017-09-29 00:00:00,111327415,0.000233061,0.110812231
2017-10-10 00:00:00,112143085,0.007326767,0.118138997
2017-10-11 00:00:00,112323930,0.001612627,0.119751625
2017-10-12 00:00:00,112466085,0.001265581,0.121017205
2017-10-13 00:00:00,112315980,-0.001334669,0.119682536
2017-10-16 00:00:00,112426280,0.000982051,0.120664587
2017-10-17 00:00:00,112640400,0.001904537,0.122569124
2017-10-18 00:00:00,112616905,-0.000208584,0.12236054
2017-10-19 00:00:00,112523265,-0.000831492,0.121529049
2017-10-20 00:00:00,112630125,0.00094967,0.122478719
2017-10-23 00:00:00,112710160,0.0007106,0.123189319
2017-10-24 00:00:00,112389910,-0.002841359,0.12034796
2017-10-25 00:00:00,112431515,0.000370184,0.120718145
2017-10-26 00:00:00,112116570,-0.002801216,0.117916928
2017-10-27 00:00:00,112395770,0.002490265,0.120407194
2017-10-30 00:00:00,112995935,0.005339747,0.125746941
2017-10-31 00:00:00,113065330,0.000614137,0.126361078
2017-11-01 00:00:00,113372910,0.002720374,0.129081452
2017-11-02 00:00:00,113133720,-0.002109763,0.126971689
2017-11-03 00:00:00,113296900,0.001442364,0.128414053
2017-11-06 00:00:00,113287560,-8.24383E-05,0.128331615
2017-11-07 00:00:00,113649460,0.003194526,0.13152614
2017-11-08 00:00:00,113639120,-9.09815E-05,0.131435159
2017-11-09 00:00:00,113738770,0.000876899,0.132312057
2017-11-10 00:00:00,113614940,-0.001088723,0.131223335
2017-11-13 00:00:00,113538150,-0.000675879,0.130547455
2017-11-14 00:00:00,113499740,-0.0003383,0.130209155
2017-11-15 00:00:00,113176930,-0.002844147,0.127365007
2017-11-16 00:00:00,113026530,-0.001328893,0.126036114
2017-11-17 00:00:00,113147240,0.001067979,0.127104094
2017-11-20 00:00:00,113019420,-0.001129678,0.125974415
2017-11-21 00:00:00,113086890,0.000596977,0.126571392
2017-11-22 00:00:00,113437250,0.003098149,0.129669541
2017-11-23 00:00:00,113280260,-0.001383937,0.128285604
2017-11-24 00:00:00,113304720,0.000215925,0.128501529
2017-11-27 00:00:00,113250420,-0.000479239,0.12802229
2017-11-28 00:00:00,113243200,-6.37525E-05,0.127958538
2017-11-29 00:00:00,113695610,0.00399503,0.131953568
2017-11-30 00:00:00,112922470,-0.006800087,0.125153481
2017-12-01 00:00:00,113381810,0.004067747,0.129221228
2017-12-04 00:00:00,113721800,0.002998629,0.132219857
2017-12-05 00:00:00,113146350,-0.005060156,0.127159701
2017-12-06 00:00:00,112931435,-0.001899443,0.125260259
2017-12-07 00:00:00,113242190,0.002751714,0.128011973
2017-12-08 00:00:00,113432545,0.001680955,0.129692927
2017-12-11 00:00:00,113631290,0.001752099,0.131445026
2017-12-12 00:00:00,113735665,0.000918541,0.132363567
2017-12-13 00:00:00,113903365,0.001474472,0.133838039
2017-12-14 00:00:00,113735565,-0.001473179,0.13236486
2017-12-15 00:00:00,113655530,-0.000703694,0.131661166
2017-12-18 00:00:00,114272110,0.005424989,0.137086155
2017-12-19 00:00:00,114333865,0.000540421,0.137626576
2017-12-21 00:00:00,113744875,-0.005151492,0.132475084
2017-12-22 00:00:00,113834550,0.000788387,0.133263471
2017-12-26 00:00:00,113639460,-0.001713803,0.131549668
2017-12-27 00:00:00,113203970,-0.003832208,0.12771746
2017-12-28 00:00:00,113299665,0.000845333,0.128562793
2018-01-02 00:00:00,112957885,-0.003016602,0.125546191
2018-01-03 00:00:00,113594955,0.00563989,0.13118608
2018-01-04 00:00:00,113863930,0.002367843,0.133553923
2018-01-05 00:00:00,114163780,0.002633406,0.13618733
2018-01-08 00:00:00,114622215,0.004015591,0.14020292
2018-01-09 00:00:00,114727240,0.000916271,0.141119191
2018-01-10 00:00:00,114781750,0.000475127,0.141594318
2018-01-11 00:00:00,114724350,-0.000500079,0.141094239
2018-01-12 00:00:00,114895920,0.001495498,0.142589736
2018-01-15 00:00:00,115205835,0.002697354,0.14528709
2018-01-16 00:00:00,115393450,0.00162852,0.14691561
2018-01-17 00:00:00,115272325,-0.00104967,0.145865941
2018-01-18 00:00:00,115691975,0.00364051,0.14950645
2018-01-19 00:00:00,115567330,-0.001077387,0.148429064
2018-01-22 00:00:00,115739305,0.001488094,0.149917157
2018-01-23 00:00:00,116693260,0.008242273,0.158159431
2018-01-24 00:00:00,116611190,-0.000703297,0.157456134
2018-01-25 00:00:00,116338260,-0.002340513,0.155115621
2018-01-26 00:00:00,116557605,0.001885407,0.157001028
2018-01-29 00:00:00,117187670,0.00540561,0.162406638
2018-01-30 00:00:00,116683900,-0.004298831,0.158107807
2018-01-31 00:00:00,116428355,-0.002190062,0.155917745
2018-02-01 00:00:00,116703980,0.002367336,0.158285081
2018-02-02 00:00:00,116408410,-0.002532647,0.155752434
2018-02-06 00:00:00,112940735,-0.02978887,0.125963564
2018-02-07 00:00:00,113456015,0.004562393,0.130525957
2018-02-08 00:00:00,113762065,0.002697521,0.133223478
2018-02-09 00:00:00,112071075,-0.01486427,0.118359208
2018-02-12 00:00:00,112704190,0.005649228,0.124008436
2018-02-13 00:00:00,113109520,0.003596406,0.127604841
2018-02-14 00:00:00,113463765,0.003131876,0.130736717
2018-02-19 00:00:00,114693510,0.010838218,0.141574935
2018-02-20 00:00:00,114364695,-0.002866902,0.138708034
2018-02-21 00:00:00,114528420,0.001431604,0.140139638
2018-02-22 00:00:00,114496005,-0.00028303,0.139856608
2018-02-23 00:00:00,114783835,0.002513887,0.142370495
2018-02-26 00:00:00,115366540,0.005076542,0.147447037
2018-02-27 00:00:00,115787755,0.003651102,0.151098139
2018-02-28 00:00:00,115358580,-0.003706566,0.147391573
2018-03-06 00:00:00,114872220,-0.004216071,0.143175501
2018-03-07 00:00:00,114555055,-0.002761024,0.140414477
2018-03-08 00:00:00,115080630,0.004587969,0.145002446
2018-03-09 00:00:00,115442065,0.003140711,0.148143157
2018-03-12 00:00:00,116326460,0.007660942,0.155804099
2018-03-13 00:00:00,116291930,-0.000296837,0.155507262
2018-03-14 00:00:00,115906730,-0.003312354,0.152194908
2018-03-15 00:00:00,115882170,-0.000211895,0.151983014
2018-03-16 00:00:00,115808175,-0.000638537,0.151344477
2018-03-19 00:00:00,115747195,-0.00052656,0.150817917
2018-03-20 00:00:00,115046360,-0.006054877,0.14476304
2018-03-21 00:00:00,115102820,0.000490759,0.145253799
2018-03-22 00:00:00,115133665,0.000267978,0.145521777
2018-03-23 00:00:00,113432765,-0.014773264,0.130748513
2018-03-26 00:00:00,113262870,-0.001497759,0.129250753
2018-03-27 00:00:00,114132400,0.007677097,0.13692785
2018-03-28 00:00:00,112703935,-0.012515859,0.124411991
2018-03-29 00:00:00,112589280,-0.001017311,0.12339468
2018-03-30 00:00:00,113141050,0.004900733,0.128295413
2018-04-02 00:00:00,113143970,2.58085E-05,0.128321221
2018-04-03 00:00:00,111874695,-0.011218229,0.117102992
2018-04-04 00:00:00,111849400,-0.000226101,0.116876891
2018-04-05 00:00:00,113095595,0.011141723,0.128018613
2018-04-06 00:00:00,112871735,-0.001979387,0.126039226
2018-04-09 00:00:00,112782905,-0.000787,0.125252227
2018-04-10 00:00:00,113382760,0.00531867,0.130570896
2018-04-11 00:00:00,113205145,-0.001566508,0.129004388
2018-04-12 00:00:00,113322470,0.001036393,0.130040781
2018-04-13 00:00:00,113639365,0.0027964,0.132837181
2018-04-16 00:00:00,113919355,0.002463847,0.135301028
2018-04-17 00:00:00,114176715,0.002259142,0.13756017
2018-04-18 00:00:00,114731010,0.004854711,0.142414882
2018-04-19 00:00:00,114825180,0.000820789,0.143235671
2018-04-20 00:00:00,114296980,-0.004600036,0.138635635
2018-04-23 00:00:00,114036870,-0.002275738,0.136359897
2018-04-24 00:00:00,114046890,8.78663E-05,0.136447763
2018-04-25 00:00:00,113159250,-0.007783114,0.128664648
2018-04-26 00:00:00,113532020,0.003294207,0.131958855
2018-04-27 00:00:00,114117690,0.005158633,0.137117488
2018-04-30 00:00:00,114138775,0.000184765,0.137302254
2018-05-02 00:00:00,114103460,-0.000309404,0.13699285
2018-05-03 00:00:00,113851050,-0.002212115,0.134780734
2018-05-04 00:00:00,113676795,-0.001530552,0.133250182
2018-05-08 00:00:00,114515725,0.007379958,0.14063014
2018-05-09 00:00:00,114501380,-0.000125267,0.140504874
2018-05-10 00:00:00,114916845,0.003628472,0.144133345
2018-05-11 00:00:00,114950555,0.000293343,0.144426688
2018-05-14 00:00:00,115175075,0.001953188,0.146379875
2018-05-15 00:00:00,115114380,-0.00052698,0.145852895
2018-05-16 00:00:00,114949285,-0.001434182,0.144418713
2018-05-17 00:00:00,115188575,0.002081701,0.146500413
2018-05-18 00:00:00,115233725,0.000391966,0.146892379
2018-05-21 00:00:00,115362570,0.001118119,0.148010498
2018-05-23 00:00:00,115140385,-0.001925971,0.146084527
2018-05-24 00:00:00,115376280,0.00204876,0.148133287
2018-05-25 00:00:00,115482355,0.000919383,0.14905267
2018-05-28 00:00:00,115469195,-0.000113957,0.148938713
2018-05-29 00:00:00,115332660,-0.001182437,0.147756276
2018-05-30 00:00:00,115199325,-0.001156091,0.146600186
2018-05-31 00:00:00,115445225,0.002134561,0.148734747
2018-06-01 00:00:00,115388645,-0.000490103,0.148244644
2018-06-04 00:00:00,115780665,0.003397388,0.151642032
2018-06-05 00:00:00,115849070,0.000590815,0.152232848
2018-06-07 00:00:00,116256680,0.003518457,0.155751305
2018-06-08 00:00:00,116089450,-0.001438455,0.15431285
2018-06-11 00:00:00,116207500,0.001016888,0.155329738
2018-06-12 00:00:00,116209450,1.67803E-05,0.155346519
2018-06-14 00:00:00,116262365,0.000455342,0.15580186
2018-06-15 00:00:00,116806330,0.004678771,0.160480631
2018-06-18 00:00:00,116717685,-0.000758906,0.159721726
2018-06-19 00:00:00,116493645,-0.001919503,0.157802222
2018-06-20 00:00:00,116853820,0.0030918,0.160894022
2018-06-21 00:00:00,117171985,0.002722761,0.163616783
2018-06-22 00:00:00,116775505,-0.003383744,0.160233039
2018-06-25 00:00:00,116671210,-0.000893124,0.159339915
2018-06-26 00:00:00,116114690,-0.004769986,0.154569929
2018-06-27 00:00:00,116279380,0.001418339,0.155988268
2018-06-28 00:00:00,116064030,-0.001852005,0.154136263
2018-06-29 00:00:00,116301870,0.002049214,0.156185477
2018-07-02 00:00:00,116131225,-0.001467259,0.154718217
2018-07-03 00:00:00,116523350,0.003376568,0.158094786
2018-07-04 00:00:00,116186580,-0.00289015,0.155204635
2018-07-05 00:00:00,116266460,0.000687515,0.15589215
2018-07-06 00:00:00,116629785,0.003124934,0.159017084
2018-07-09 00:00:00,116982075,0.003020583,0.162037667
2018-07-10 00:00:00,117387900,0.003469121,0.165506789
2018-07-11 00:00:00,117197560,-0.001621462,0.163885327
2018-07-12 00:00:00,117474295,0.002361269,0.166246596
2018-07-13 00:00:00,117867270,0.0033452,0.169591796
2018-07-16 00:00:00,117932475,0.000553207,0.170145003
2018-07-17 00:00:00,117594225,-0.002868167,0.167276836
2018-07-18 00:00:00,118091900,0.004232138,0.171508974
2018-07-19 00:00:00,118101680,8.28169E-05,0.171591791
2018-07-20 00:00:00,118011910,-0.000760108,0.170831683
2018-07-23 00:00:00,117848700,-0.001382996,0.169448687
2018-07-24 00:00:00,118151985,0.002573512,0.172022199
2018-07-25 00:00:00,118062565,-0.000756822,0.171265377
2018-07-26 00:00:00,118165475,0.000871656,0.172137034
2018-07-27 00:00:00,117988735,-0.001495699,0.170641335
2018-07-30 00:00:00,117522470,-0.003951776,0.166689559
2018-07-31 00:00:00,117321620,-0.001709035,0.164980524
2018-08-01 00:00:00,117686690,0.003111703,0.168092227
2018-08-02 00:00:00,117564835,-0.001035419,0.167056808
2018-08-03 00:00:00,118117050,0.00469711,0.171753919
2018-08-06 00:00:00,118110845,-5.25326E-05,0.171701386
2018-08-07 00:00:00,118447865,0.002853421,0.174554807
2018-08-08 00:00:00,118405275,-0.000359567,0.17419524
2018-08-09 00:00:00,118445255,0.000337654,0.174532894
2018-08-10 00:00:00,118449655,3.7148E-05,0.174570042
2018-08-13 00:00:00,118330905,-0.001002536,0.173567506
2018-08-14 00:00:00,118414785,0.00070886,0.174276366
2018-08-16 00:00:00,118279710,-0.001140694,0.173135672
2018-08-17 00:00:00,118327195,0.000401464,0.173537135
2018-08-20 00:00:00,118401695,0.00062961,0.174166746
2018-08-21 00:00:00,118372090,-0.000250039,0.173916707
2018-08-22 00:00:00,118343305,-0.000243174,0.173673533
2018-08-23 00:00:00,118556965,0.001805425,0.175478958
2018-08-24 00:00:00,118537815,-0.000161526,0.175317433
2018-08-27 00:00:00,118798520,0.00219934,0.177516773
2018-08-28 00:00:00,118949225,0.001268576,0.178785349
2018-08-29 00:00:00,119049820,0.000845697,0.179631046
2018-08-30 00:00:00,119212270,0.001364555,0.180995601
2018-08-31 00:00:00,119235585,0.000195576,0.181191177
2018-09-03 00:00:00,119273080,0.000314461,0.181505638
2018-09-04 00:00:00,119427715,0.001296479,0.182802117
2018-09-05 00:00:00,119256780,-0.001431284,0.181370833
2018-09-06 00:00:00,119045575,-0.00177101,0.179599822
2018-09-07 00:00:00,118874330,-0.001438483,0.178161339
2018-09-10 00:00:00,118961975,0.000737291,0.178898631
2018-09-11 00:00:00,118892995,-0.000579849,0.178318782
2018-09-12 00:00:00,119105865,0.001790433,0.180109215
2018-09-13 00:00:00,118893635,-0.00178186,0.178327355
2018-09-14 00:00:00,119148325,0.002142167,0.180469522
2018-09-17 00:00:00,119043320,-0.000881296,0.179588225
2018-09-18 00:00:00,118811225,-0.001949668,0.177638557
2018-09-19 00:00:00,118995015,0.001546908,0.179185464
2018-09-20 00:00:00,118959400,-0.000299298,0.178886166
2018-09-21 00:00:00,119260325,0.002529645,0.181415811
2018-09-27 00:00:00,119049655,-0.001766472,0.179649339
2018-09-28 00:00:00,119167780,0.000992233,0.180641572
2018-10-01 00:00:00,119387720,0.001845633,0.182487205
2018-10-02 00:00:00,119329525,-0.000487445,0.18199976
2018-10-04 00:00:00,119318950,-8.86201E-05,0.18191114
2018-10-05 00:00:00,119100590,-0.001830053,0.180081087
2018-10-08 00:00:00,118786075,-0.002640751,0.177440336
2018-10-10 00:00:00,118699050,-0.00073262,0.176707716
2018-10-11 00:00:00,117230050,-0.012375836,0.16433188
2018-10-12 00:00:00,117291200,0.000521624,0.164853504
2018-10-15 00:00:00,117218995,-0.000615605,0.164237899
2018-10-16 00:00:00,117156485,-0.000533275,0.163704624
2018-10-17 00:00:00,118018235,0.007355547,0.171060171
2018-10-18 00:00:00,117894590,-0.001047677,0.170012493
2018-10-19 00:00:00,117701255,-0.001639897,0.168372596
2018-10-22 00:00:00,117491660,-0.001780737,0.166591859
2018-10-23 00:00:00,117126115,-0.003111242,0.163480617
2018-10-24 00:00:00,117228750,0.000876278,0.164356895
2018-10-25 00:00:00,116342685,-0.007558427,0.156798467
2018-10-26 00:00:00,116535135,0.001654165,0.158452632
2018-10-29 00:00:00,116338745,-0.001685243,0.15676739
2018-10-30 00:00:00,116124565,-0.001841003,0.154926386
2018-10-31 00:00:00,116565530,0.003797345,0.158723731
2018-11-01 00:00:00,116912005,0.002972362,0.161696093
2018-11-02 00:00:00,119489945,0.022050259,0.183746353
2018-11-05 00:00:00,118601455,-0.007435688,0.176310664
2018-11-06 00:00:00,118686265,0.000715084,0.177025748
2018-11-07 00:00:00,118483935,-0.001704747,0.175321002
2018-11-08 00:00:00,119919425,0.012115482,0.187436484
2018-11-09 00:00:00,119224520,-0.005794766,0.181641718
2018-11-12 00:00:00,118328235,-0.007517623,0.174124095
2018-11-13 00:00:00,117204690,-0.009495156,0.164628939
2018-11-14 00:00:00,117002645,-0.001723864,0.162905075
2018-11-15 00:00:00,117665840,0.005668205,0.16857328
2018-11-16 00:00:00,118120895,0.00386735,0.17244063
2018-11-19 00:00:00,118902390,0.006616061,0.179056691
2018-11-20 00:00:00,117004125,-0.015964902,0.163091789
2018-11-21 00:00:00,116930140,-0.000632328,0.16245946
2018-11-22 00:00:00,116721050,-0.001788162,0.160671299
2018-11-23 00:00:00,116079665,-0.005495024,0.155176274
2018-11-26 00:00:00,117101655,0.008804212,0.163980487
2018-11-27 00:00:00,117784400,0.005830362,0.169810848
2018-11-28 00:00:00,118124075,0.002883871,0.172694719
2018-11-29 00:00:00,118439280,0.002668423,0.175363142
2018-11-30 00:00:00,118445980,5.65691E-05,0.175419711
2018-12-03 00:00:00,120633705,0.018470234,0.193889946
2018-12-04 00:00:00,119389940,-0.010310261,0.183579684
2018-12-05 00:00:00,118353420,-0.008681804,0.174897881
2018-12-06 00:00:00,116537455,-0.015343579,0.159554302
2018-12-07 00:00:00,117519905,0.008430337,0.167984639
2018-12-10 00:00:00,115851245,-0.014198956,0.153785683
2018-12-11 00:00:00,115801365,-0.000430552,0.153355131
2018-12-12 00:00:00,117090525,0.011132511,0.164487642
2018-12-13 00:00:00,117264255,0.001483724,0.165971366
2018-12-14 00:00:00,115924500,-0.011425093,0.154546273
2018-12-17 00:00:00,115545760,-0.003267126,0.151279146
2018-12-18 00:00:00,114300495,-0.010777245,0.140501901
2018-12-19 00:00:00,115142495,0.007366547,0.147868448
2018-12-20 00:00:00,114008500,-0.009848623,0.138019826
2018-12-21 00:00:00,113635140,-0.003274844,0.134744982
2018-12-24 00:00:00,112830270,-0.007082932,0.12766205
2018-12-26 00:00:00,111684360,-0.010156051,0.117505999
2018-12-27 00:00:00,112883605,0.010737806,0.128243805
2018-12-28 00:00:00,113383065,0.004424557,0.132668362
2019-01-02 00:00:00,112723710,-0.005815286,0.126853076
2019-01-03 00:00:00,111736070,-0.008761599,0.118091476
2019-01-04 00:00:00,112349010,0.005485605,0.123577082
2019-01-07 00:00:00,113959525,0.014334928,0.13791201
2019-01-09 00:00:00,115165810,0.010585206,0.148497216
2019-01-10 00:00:00,114962970,-0.001761287,0.146735929
2019-01-11 00:00:00,115340290,0.0032821,0.150018029
2019-01-14 00:00:00,114592810,-0.00648065,0.14353738
2019-01-15 00:00:00,115558950,0.00843107,0.15196845
2019-01-16 00:00:00,115947255,0.003360233,0.155328683
2019-01-17 00:00:00,115535660,-0.003549847,0.151778836
2019-01-18 00:00:00,116724720,0.010291714,0.16207055
2019-01-21 00:00:00,116925730,0.001722086,0.163792636
2019-01-22 00:00:00,116544465,-0.003260745,0.160531891
2019-01-23 00:00:00,116222205,-0.002765125,0.157766766
2019-01-24 00:00:00,116865045,0.005531129,0.163297895
2019-01-25 00:00:00,117694295,0.007095792,0.170393687
2019-01-28 00:00:00,117780315,0.000730877,0.171124563
2019-01-29 00:00:00,117306310,-0.004024484,0.167100079
2019-01-30 00:00:00,117806200,0.004261408,0.171361487
2019-01-31 00:00:00,118686730,0.007474394,0.178835881
2019-02-01 00:00:00,119087110,0.003373418,0.1822093
2019-02-07 00:00:00,120307230,0.010245609,0.192454909
2019-02-08 00:00:00,119278135,-0.008553892,0.183901017
2019-02-11 00:00:00,119972365,0.005820262,0.189721279
2019-02-12 00:00:00,120119210,0.00122399,0.190945269
2019-02-13 00:00:00,121015065,0.007458049,0.198403319
2019-02-14 00:00:00,121305250,0.002397925,0.200801243
2019-02-15 00:00:00,120619475,-0.0056533,0.195147943
2019-02-18 00:00:00,121460895,0.006975822,0.202123765
2019-02-19 00:00:00,121617735,0.00129128,0.203415045
2019-02-20 00:00:00,121964710,0.002852997,0.206268042
2019-02-21 00:00:00,121845555,-0.000976963,0.205291079
2019-02-22 00:00:00,121462950,-0.003140082,0.202150997
2019-02-25 00:00:00,122257745,0.006543518,0.208694515
2019-02-26 00:00:00,121725040,-0.004357229,0.204337286
2019-02-27 00:00:00,122230835,0.004155226,0.208492512
2019-02-28 00:00:00,121427990,-0.006568269,0.201924243
2019-03-04 00:00:00,122663095,0.010171502,0.212095744
2019-03-05 00:00:00,122285720,-0.003076516,0.209019228
2019-03-06 00:00:00,121867025,-0.003423908,0.205595321
2019-03-07 00:00:00,121057880,-0.006639573,0.198955748
2019-03-08 00:00:00,120396840,-0.005460528,0.193495219
2019-03-11 00:00:00,120850785,0.003770406,0.197265625
2019-03-12 00:00:00,122381020,0.012662185,0.209927811
2019-03-13 00:00:00,122343670,-0.000305194,0.209622616
2019-03-14 00:00:00,122476135,0.001082729,0.210705345
2019-03-15 00:00:00,122538545,0.000509569,0.211214913
2019-03-18 00:00:00,122807390,0.002193963,0.213408876
2019-03-19 00:00:00,122363315,-0.003616028,0.209792848
2019-03-20 00:00:00,122512515,0.00121932,0.211012168
2019-03-21 00:00:00,122371470,-0.00115127,0.209860897
2019-03-22 00:00:00,123038370,0.0054498,0.215310697
2019-03-25 00:00:00,121064720,-0.016040931,0.199269766
2019-03-26 00:00:00,121598825,0.004411731,0.203681497
2019-03-27 00:00:00,121605415,5.41946E-05,0.203735692
2019-03-28 00:00:00,120863780,-0.0060987,0.197636991
2019-03-29 00:00:00,121919295,0.008733096,0.206370088
2019-04-01 00:00:00,122598310,0.005569381,0.211939468
2019-04-02 00:00:00,122755815,0.001284724,0.213224193
2019-04-03 00:00:00,123820895,0.008676412,0.221900604
2019-04-04 00:00:00,123777105,-0.000353656,0.221546948
2019-04-05 00:00:00,123750290,-0.000216639,0.221330309
2019-04-08 00:00:00,123838430,0.000712241,0.22204255
2019-04-09 00:00:00,124100545,0.002116589,0.224159138
2019-04-10 00:00:00,124111600,8.9081E-05,0.224248219
2019-04-11 00:00:00,124441895,0.002661274,0.226909493
2019-04-12 00:00:00,124397125,-0.000359766,0.226549727
2019-04-15 00:00:00,124598770,0.001620978,0.228170705
2019-04-16 00:00:00,124735070,0.001093911,0.229264616
2019-04-17 00:00:00,124838660,0.00083048,0.230095097
2019-04-18 00:00:00,123772010,-0.008544228,0.221550868
2019-04-19 00:00:00,124484800,0.005758895,0.227309763
2019-04-22 00:00:00,124525465,0.000326666,0.22763643
2019-04-23 00:00:00,124670660,0.001165986,0.228802416
2019-04-24 00:00:00,124855580,0.001483268,0.230285684
2019-04-25 00:00:00,124970730,0.000922266,0.23120795
2019-04-26 00:00:00,124542410,-0.003427363,0.227780587
2019-04-29 00:00:00,124815170,0.002190097,0.229970684
2019-04-30 00:00:00,124895395,0.00064275,0.230613435
2019-05-02 00:00:00,124733330,-0.001297606,0.229315829
2019-05-03 00:00:00,124583005,-0.001205171,0.228110658
2019-05-07 00:00:00,124442245,-0.001129849,0.226980809
2019-05-08 00:00:00,123760635,-0.00547732,0.221503489
2019-05-09 00:00:00,123163440,-0.004825403,0.216678085
2019-05-10 00:00:00,123153480,-8.08682E-05,0.216597217
2019-05-13 00:00:00,122829370,-0.002631757,0.21396546
2019-05-14 00:00:00,122122925,-0.005751434,0.208214026
2019-05-15 00:00:00,122742635,0.005074477,0.213288504
2019-05-16 00:00:00,122655140,-0.000712833,0.212575671
2019-05-17 00:00:00,123024850,0.003014223,0.215589894
2019-05-20 00:00:00,123036280,9.29081E-05,0.215682802
2019-05-21 00:00:00,122653015,-0.003115057,0.212567745
2019-05-22 00:00:00,122753050,0.000815593,0.213383339
2019-05-23 00:00:00,122315770,-0.003562274,0.209821065
2019-05-24 00:00:00,122009735,-0.002502008,0.207319057
2019-05-27 00:00:00,121844410,-0.001355015,0.205964042
2019-05-28 00:00:00,121992725,0.001217249,0.207181291
2019-05-29 00:00:00,121274805,-0.005884941,0.20129635
2019-05-30 00:00:00,121305020,0.000249145,0.201545495
2019-05-31 00:00:00,121102740,-0.001667532,0.199877963
2019-06-03 00:00:00,120713735,-0.00321219,0.196665773
2019-06-04 00:00:00,120391365,-0.002670533,0.19399524
2019-06-05 00:00:00,121435370,0.00867176,0.202667
2019-06-07 00:00:00,121957350,0.004298418,0.206965418
2019-06-10 00:00:00,123250445,0.010602846,0.217568264
2019-06-11 00:00:00,123411780,0.001309001,0.218877266
2019-06-12 00:00:00,123158120,-0.002055395,0.21682187
2019-06-13 00:00:00,122976510,-0.001474608,0.215347262
2019-06-14 00:00:00,123268555,0.002374803,0.217722065
2019-06-17 00:00:00,123425095,0.00126991,0.218991975
2019-06-18 00:00:00,123482520,0.000465262,0.219457237
2019-06-19 00:00:00,124106295,0.005051525,0.224508762
2019-06-20 00:00:00,124382655,0.002226801,0.226735563
2019-06-21 00:00:00,124185535,-0.001584787,0.225150776
2019-06-24 00:00:00,124429535,0.001964802,0.227115578
2019-06-25 00:00:00,124081940,-0.002793509,0.224322069
2019-06-26 00:00:00,123605085,-0.003843065,0.220479004
2019-06-27 00:00:00,124147335,0.004386955,0.224865959
2019-06-28 00:00:00,123988695,-0.001277837,0.223588123
2019-07-01 00:00:00,124822490,0.006724766,0.230312889
2019-07-02 00:00:00,124848290,0.000206694,0.230519583
2019-07-03 00:00:00,124746070,-0.000818754,0.229700829
2019-07-04 00:00:00,125277895,0.004263261,0.23396409
2019-07-05 00:00:00,125425820,0.001180775,0.235144864
2019-07-08 00:00:00,124796570,-0.00501691,0.230127955
2019-07-09 00:00:00,124522290,-0.002197817,0.227930138
2019-07-10 00:00:00,124918345,0.003180595,0.231110733
2019-07-11 00:00:00,125367165,0.003592907,0.23470364
2019-07-12 00:00:00,125646535,0.002228414,0.236932055
2019-07-15 00:00:00,125817895,0.001363826,0.238295881
2019-07-16 00:00:00,125944235,0.00100415,0.23930003
2019-07-17 00:00:00,125626115,-0.00252588,0.236774151
2019-07-18 00:00:00,125117250,-0.004050631,0.23272352
2019-07-19 00:00:00,125678465,0.004485513,0.237209032
2019-07-22 00:00:00,125236285,-0.003518343,0.233690689
2019-07-23 00:00:00,125664530,0.003419496,0.237110185
2019-07-24 00:00:00,125707290,0.000340271,0.237450456
2019-07-25 00:00:00,126026855,0.002542136,0.239992592
2019-07-26 00:00:00,125987375,-0.000313267,0.239679325
2019-07-29 00:00:00,125824905,-0.001289574,0.238389752
2019-07-30 00:00:00,125877700,0.000419591,0.238809343
2019-07-31 00:00:00,125561405,-0.002512717,0.236296626
2019-08-01 00:00:00,125043065,-0.004128179,0.232168447
2019-08-02 00:00:00,124542045,-0.00400678,0.228161667
2019-08-05 00:00:00,123790340,-0.006035753,0.222125914
2019-08-06 00:00:00,122662660,-0.009109596,0.213016318
2019-08-07 00:00:00,122911600,0.002029468,0.215045787
2019-08-08 00:00:00,123454125,0.004413945,0.219459731
2019-08-09 00:00:00,124000890,0.004428892,0.223888623
2019-08-12 00:00:00,124162685,0.001304789,0.225193412
2019-08-13 00:00:00,123405065,-0.006101833,0.219091579
2019-08-14 00:00:00,124207185,0.006499895,0.225591475
2019-08-16 00:00:00,123234095,-0.00783441,0.217757065
2019-08-19 00:00:00,123972990,0.005995865,0.22375293
2019-08-20 00:00:00,124343510,0.002988716,0.226741645
2019-08-21 00:00:00,124026305,-0.002551038,0.224190607
2019-08-22 00:00:00,124099920,0.000593543,0.224784151
2019-08-23 00:00:00,124372105,0.002193273,0.226977424
2019-08-26 00:00:00,122658880,-0.013774994,0.21320243
2019-08-27 00:00:00,123261890,0.004916154,0.218118584
2019-08-28 00:00:00,123500240,0.001933688,0.220052272
2019-08-29 00:00:00,123467670,-0.000263724,0.219788548
2019-08-30 00:00:00,124195885,0.005898022,0.225686569
2019-09-02 00:00:00,124009330,-0.001502103,0.224184467
2019-09-03 00:00:00,123980990,-0.000228531,0.223955935
2019-09-04 00:00:00,124438415,0.003689477,0.227645412
2019-09-05 00:00:00,124992800,0.004455095,0.232100508
2019-09-06 00:00:00,125227290,0.001876028,0.233976536
2019-09-09 00:00:00,125426295,0.00158915,0.235565686
2019-09-10 00:00:00,125308040,-0.000942825,0.234622861
2019-09-11 00:00:00,125445790,0.001099291,0.235722152
2019-09-16 00:00:00,125434645,-8.88432E-05,0.235633309
2019-09-17 00:00:00,125432385,-1.80174E-05,0.235615292
2019-09-18 00:00:00,125819215,0.003083972,0.238699264
2019-09-19 00:00:00,125984615,0.001314585,0.240013849
2019-09-20 00:00:00,126146280,0.001283212,0.241297061
2019-09-23 00:00:00,126131705,-0.00011554,0.241181521
2019-09-24 00:00:00,126206305,0.000591445,0.241772966
2019-09-25 00:00:00,125375630,-0.006581882,0.235191084
2019-09-26 00:00:00,125700850,0.002593965,0.237785049
2019-09-27 00:00:00,125455020,-0.001955675,0.235829374
2019-09-30 00:00:00,125336785,-0.000942449,0.234886925
2019-10-01 00:00:00,125739120,0.003210031,0.238096956
2019-10-02 00:00:00,124943260,-0.006329454,0.231767502
2019-10-04 00:00:00,124343935,-0.004796777,0.226970724
2019-10-07 00:00:00,124803250,0.003693908,0.230664632
2019-10-08 00:00:00,125175690,0.002984217,0.233648849
2019-10-10 00:00:00,124700700,-0.003794587,0.229854262
2019-10-11 00:00:00,125099555,0.003198498,0.233052761
2019-10-14 00:00:00,125537585,0.003501451,0.236554212
2019-10-15 00:00:00,125784640,0.001967976,0.238522189
2019-10-16 00:00:00,126153095,0.002929253,0.241451441
2019-10-17 00:00:00,125940880,-0.001682202,0.239769239
2019-10-18 00:00:00,125783695,-0.001248086,0.238521154
2019-10-21 00:00:00,125601810,-0.001446014,0.237075139
2019-10-22 00:00:00,126065685,0.003693219,0.240768359
2019-10-23 00:00:00,125569250,-0.003937907,0.236830451
2019-10-24 00:00:00,125882885,0.002497705,0.239328157
2019-10-25 00:00:00,126168655,0.002270126,0.241598282
2019-10-28 00:00:00,126404840,0.001871978,0.243470261
2019-10-29 00:00:00,126587200,0.001442666,0.244912927
2019-10-30 00:00:00,126217880,-0.002917515,0.241995413
2019-10-31 00:00:00,126441790,0.001773996,0.243769409
2019-11-01 00:00:00,126652670,0.001667803,0.245437212
2019-11-04 00:00:00,127102510,0.003551761,0.248988972
2019-11-05 00:00:00,127348405,0.00193462,0.250923592
2019-11-06 00:00:00,127213235,-0.001061419,0.249862173
2019-11-07 00:00:00,127190120,-0.000181703,0.24968047
2019-11-08 00:00:00,127127950,-0.000488796,0.249191674
2019-11-11 00:00:00,127252295,0.000978109,0.250169784
2019-11-12 00:00:00,127615025,0.002850479,0.253020263
2019-11-13 00:00:00,127432325,-0.00143165,0.251588613
2019-11-14 00:00:00,127790185,0.002808236,0.254396849
2019-11-15 00:00:00,128094945,0.002384847,0.256781695
2019-11-18 00:00:00,128200900,0.00082716,0.257608855
2019-11-19 00:00:00,128372665,0.001339811,0.258948666
2019-11-20 00:00:00,128166820,-0.001603496,0.257345171
2019-11-21 00:00:00,127944165,-0.001737228,0.255607943
2019-11-22 00:00:00,128081115,0.001070389,0.256678332
2019-11-25 00:00:00,128325135,0.001905199,0.25858353
2019-11-26 00:00:00,128661555,0.002621622,0.261205152
2019-11-27 00:00:00,128887555,0.001756546,0.262961699
2019-11-28 00:00:00,128966840,0.000615149,0.263576848
2019-11-29 00:00:00,128786605,-0.00139753,0.262179318
2019-12-02 00:00:00,129014980,0.001773282,0.2639526
2019-12-03 00:00:00,128336265,-0.005260746,0.258691854
2019-12-04 00:00:00,128126085,-0.001637729,0.257054125
2019-12-05 00:00:00,128213020,0.000678511,0.257732637
2019-12-06 00:00:00,128629085,0.003245107,0.260977744
2019-12-09 00:00:00,128915390,0.002225819,0.263203563
2019-12-10 00:00:00,129020810,0.000817746,0.264021308
2019-12-11 00:00:00,129020325,-3.75908E-06,0.264017549
2019-12-12 00:00:00,129353350,0.002581182,0.266598732
2019-12-13 00:00:00,129827765,0.00366759,0.270266321
2019-12-16 00:00:00,129892330,0.000497313,0.270763634
2019-12-17 00:00:00,130273760,0.002936509,0.273700143
2019-12-18 00:00:00,130197995,-0.000581583,0.27311856
2019-12-19 00:00:00,130227260,0.000224773,0.273343333
2019-12-20 00:00:00,130398585,0.001315585,0.274658918
2019-12-23 00:00:00,130767030,0.002825529,0.277484447
2019-12-24 00:00:00,130737805,-0.000223489,0.277260958
2019-12-26 00:00:00,130819250,0.000622964,0.277883922
2019-12-27 00:00:00,131109660,0.002219933,0.280103856
2019-12-30 00:00:00,130853355,-0.00195489,0.278148965
2020-01-02 00:00:00,130706755,-0.001120338,0.277028627
2020-01-03 00:00:00,130920960,0.001638821,0.278667448
2020-01-06 00:00:00,130688865,-0.001772787,0.276894661
2020-01-07 00:00:00,131240770,0.004223045,0.281117706
2020-01-08 00:00:00,130932845,-0.00234626,0.278771446
2020-01-09 00:00:00,131553230,0.004738192,0.283509639
2020-01-10 00:00:00,132124565,0.004342995,0.287852633
2020-01-13 00:00:00,131994160,-0.000986985,0.286865648
2020-01-14 00:00:00,132407530,0.003131729,0.289997378
2020-01-15 00:00:00,132157990,-0.001884636,0.288112742
2020-01-16 00:00:00,132588915,0.003260681,0.291373422
2020-01-17 00:00:00,132975190,0.002913328,0.29428675
2020-01-20 00:00:00,133221085,0.00184918,0.29613593
2020-01-21 00:00:00,133047890,-0.001300057,0.294835873
2020-01-22 00:00:00,133660090,0.004601351,0.299437223
2020-01-23 00:00:00,133236875,-0.003166353,0.296270871
2020-01-28 00:00:00,132008275,-0.009221171,0.2870497
2020-01-29 00:00:00,132779840,0.005844823,0.292894523
2020-01-30 00:00:00,132208140,-0.004305624,0.288588899
2020-01-31 00:00:00,132757350,0.004154132,0.292743031
2020-02-03 00:00:00,132372950,-0.002895508,0.289847522
2020-02-04 00:00:00,133003815,0.004765815,0.294613338
2020-02-05 00:00:00,133700030,0.005234549,0.299847887
2020-02-06 00:00:00,134690365,0.007407141,0.307255028
2020-02-07 00:00:00,134695275,3.6454E-05,0.307291482
2020-02-10 00:00:00,134431360,-0.001959349,0.305332133
2020-02-11 00:00:00,135111450,0.005059013,0.310391146
2020-02-12 00:00:00,135166110,0.000404555,0.310795701
2020-02-13 00:00:00,135260225,0.000696291,0.311491993
2020-02-14 00:00:00,135542465,0.002086644,0.313578637
2020-02-17 00:00:00,135834560,0.002155007,0.315733644
2020-02-18 00:00:00,135311590,-0.003850051,0.311883593
2020-02-19 00:00:00,135676655,0.002697958,0.314581551
2020-02-20 00:00:00,136089425,0.003042307,0.317623858
2020-02-21 00:00:00,135439660,-0.004774544,0.312849314
2020-02-24 00:00:00,133743565,-0.012522883,0.300326431
2020-02-25 00:00:00,133350830,-0.002936478,0.297389953
2020-02-26 00:00:00,131383890,-0.014750114,0.282639839
2020-02-27 00:00:00,130182280,-0.009145794,0.273494045
2020-02-28 00:00:00,126996215,-0.024473876,0.249020168
2020-03-02 00:00:00,127990590,0.007829958,0.256850126
2020-03-03 00:00:00,129831800,0.014385511,0.271235637
2020-03-04 00:00:00,129544390,-0.00221371,0.269021926
2020-03-05 00:00:00,130497305,0.007355896,0.276377822
2020-03-06 00:00:00,128616300,-0.014414129,0.261963693
2020-03-09 00:00:00,125222745,-0.026385108,0.235578585
2020-03-10 00:00:00,125812925,0.004713042,0.240291626
2020-03-11 00:00:00,124726905,-0.008632023,0.231659604
2020-03-12 00:00:00,121660685,-0.024583469,0.207076135
2020-03-13 00:00:00,119632500,-0.016670833,0.190405301
2020-03-16 00:00:00,119844500,0.001772094,0.192177395
2020-03-17 00:00:00,119335855,-0.004244208,0.187933187
2020-03-18 00:00:00,116872330,-0.020643628,0.167289559
2020-03-19 00:00:00,116250085,-0.005324143,0.161965416
2020-03-20 00:00:00,118108125,0.015983128,0.177948544
2020-03-23 00:00:00,114204975,-0.033047261,0.144901283
2020-03-24 00:00:00,117614525,0.029854654,0.174755937
2020-03-25 00:00:00,119233245,0.013762926,0.188518863
2020-03-26 00:00:00,118867505,-0.003067433,0.18545143
2020-03-27 00:00:00,121227555,0.019854459,0.205305889
2020-03-30 00:00:00,120310760,-0.007562596,0.197743293
2020-03-31 00:00:00,121804540,0.012416013,0.210159307
2020-04-01 00:00:00,119318335,-0.020411431,0.189747875
2020-04-02 00:00:00,119600160,0.002361959,0.192109834
2020-04-03 00:00:00,119602305,1.79348E-05,0.192127769
2020-04-06 00:00:00,121911655,0.019308574,0.211436343
2020-04-07 00:00:00,123680780,0.014511533,0.225947876
2020-04-08 00:00:00,122888765,-0.006403703,0.219544173
2020-04-09 00:00:00,124638445,0.014237917,0.23378209
2020-04-10 00:00:00,125253865,0.004937642,0.238719732
2020-04-13 00:00:00,124185395,-0.008530435,0.230189296
2020-04-14 00:00:00,125826115,0.01321186,0.243401156
2020-04-16 00:00:00,126592310,0.006089316,0.249490472
2020-04-17 00:00:00,128282560,0.013351917,0.262842389
2020-04-20 00:00:00,127757960,-0.00408941,0.258752979
2020-04-21 00:00:00,127103405,-0.005123399,0.25362958
2020-04-22 00:00:00,126288720,-0.006409624,0.247219956
2020-04-23 00:00:00,127244970,0.007571935,0.254791891
2020-04-24 00:00:00,126588940,-0.005155646,0.249636245
2020-04-27 00:00:00,128281225,0.013368348,0.263004593
2020-04-28 00:00:00,128204915,-0.000594865,0.262409728
2020-04-29 00:00:00,128249590,0.000348466,0.262758194
2020-05-04 00:00:00,127496465,-0.005872338,0.256885856
2020-05-06 00:00:00,128567205,0.008398194,0.265284049
2020-05-07 00:00:00,128650030,0.000644216,0.265928265
2020-05-08 00:00:00,129324590,0.005243372,0.271171637
2020-05-11 00:00:00,129572790,0.001919202,0.273090839
2020-05-12 00:00:00,129487475,-0.000658433,0.272432406
2020-05-13 00:00:00,128993795,-0.00381257,0.268619836
2020-05-14 00:00:00,128260575,-0.005684149,0.262935687
2020-05-15 00:00:00,128890420,0.004910667,0.267846354
2020-05-18 00:00:00,129428180,0.004172226,0.272018581
2020-05-19 00:00:00,130153915,0.005607241,0.277625822
2020-05-20 00:00:00,130043715,-0.00084669,0.276779132
2020-05-21 00:00:00,130396010,0.002709051,0.279488182
2020-05-22 00:00:00,129966510,-0.003293812,0.27619437
2020-05-25 00:00:00,130808385,0.00647763,0.282672
2020-05-26 00:00:00,131247665,0.003358195,0.286030195
2020-05-27 00:00:00,130956065,-0.002221754,0.283808441
2020-05-28 00:00:00,131280465,0.002477167,0.286285608
2020-05-29 00:00:00,131021495,-0.001972647,0.284312961
2020-06-01 00:00:00,131297135,0.002103777,0.286416738
2020-06-02 00:00:00,131348935,0.000394525,0.286811263
2020-06-03 00:00:00,131654605,0.00232716,0.289138423
2020-06-04 00:00:00,131773295,0.000901526,0.290039948
2020-06-05 00:00:00,131765135,-6.19245E-05,0.289978024
2020-06-08 00:00:00,132373805,0.004619355,0.294597379
2020-06-09 00:00:00,132634285,0.001967761,0.29656514
2020-06-10 00:00:00,132659825,0.00019256,0.2967577
2020-06-11 00:00:00,132230675,-0.003234966,0.293522734
2020-06-12 00:00:00,131112835,-0.008453712,0.285069022
2020-06-15 00:00:00,130023325,-0.008309713,0.276759309
2020-06-16 00:00:00,132011655,0.015292102,0.292051412
2020-06-17 00:00:00,132458585,0.003385534,0.295436946
2020-06-18 00:00:00,132213505,-0.001850239,0.293586708
2020-06-22 00:00:00,132193775,-0.000149228,0.293437479
2020-06-23 00:00:00,132675165,0.003641548,0.297079027
2020-06-24 00:00:00,132747825,0.000547653,0.297626681
2020-06-25 00:00:00,131835785,-0.00687047,0.29075621
2020-06-26 00:00:00,132173415,0.002560989,0.293317199
2020-06-29 00:00:00,131283095,-0.006735999,0.2865812
2020-06-30 00:00:00,131758725,0.003622934,0.290204134
2020-07-01 00:00:00,132263570,0.003831587,0.294035721
2020-07-02 00:00:00,132851405,0.004444421,0.298480142
2020-07-06 00:00:00,133429490,0.004351365,0.302831508
2020-07-07 00:00:00,133603125,0.001301324,0.304132832
2020-07-08 00:00:00,133291130,-0.002335237,0.301797595
2020-07-09 00:00:00,133735090,0.003330754,0.305128349
2020-07-10 00:00:00,133660310,-0.000559165,0.304569184
2020-07-13 00:00:00,134582615,0.006900366,0.311469549
2020-07-14 00:00:00,133966585,-0.004577337,0.306892212
2020-07-15 00:00:00,134354610,0.002896431,0.309788643
2020-07-16 00:00:00,134186860,-0.001248562,0.308540082
2020-07-17 00:00:00,134256315,0.000517599,0.309057681
2020-07-20 00:00:00,134118435,-0.001026991,0.30803069
2020-07-21 00:00:00,135279710,0.008658579,0.316689269
2020-07-22 00:00:00,134786405,-0.003646556,0.313042713
2020-07-23 00:00:00,135084440,0.002211165,0.315253878
2020-07-24 00:00:00,134022620,-0.007860417,0.307393461
2020-07-27 00:00:00,133917650,-0.000783226,0.306610235
2020-07-28 00:00:00,134426270,0.003798006,0.310408241
2020-07-29 00:00:00,133980545,-0.003315758,0.307092483
2020-07-30 00:00:00,134372580,0.002926059,0.310018542
2020-07-31 00:00:00,134823715,0.003357344,0.313375886
2020-08-03 00:00:00,135027750,0.001513347,0.314889233
2020-08-04 00:00:00,135446920,0.003104325,0.317993557
2020-08-05 00:00:00,135529730,0.000611383,0.318604941
2020-08-06 00:00:00,135512340,-0.000128311,0.31847663
2020-08-07 00:00:00,135835615,0.002385576,0.320862206
2020-08-10 00:00:00,135779880,-0.000410312,0.320451894
2020-08-11 00:00:00,135822010,0.000310282,0.320762175
2020-08-12 00:00:00,135382670,-0.003234675,0.317527501
2020-08-13 00:00:00,135806475,0.003130423,0.320657923
2020-08-14 00:00:00,136078090,0.002000015,0.322657939
2020-08-18 00:00:00,136225800,0.00108548,0.323743418
2020-08-19 00:00:00,136484760,0.001900961,0.32564438
2020-08-20 00:00:00,136064125,-0.003081919,0.322562461
2020-08-21 00:00:00,136700100,0.004674083,0.327236543
2020-08-24 00:00:00,137086385,0.002825784,0.330062328
2020-08-25 00:00:00,137365255,0.002034265,0.332096592
2020-08-26 00:00:00,137485200,0.000873183,0.332969775
2020-08-27 00:00:00,138034560,0.003995776,0.336965551
2020-08-28 00:00:00,138268265,0.00169309,0.338658641
2020-08-31 00:00:00,138443115,0.001264571,0.339923212
2020-09-01 00:00:00,138456670,9.79102E-05,0.340021122
2020-09-02 00:00:00,139155900,0.005050172,0.345071294
2020-09-03 00:00:00,139354230,0.001425236,0.34649653
2020-09-04 00:00:00,137407850,-0.01396714,0.332529391
2020-09-07 00:00:00,136557700,-0.006187056,0.326342335
2020-09-08 00:00:00,137119745,0.004115806,0.330458141
2020-09-09 00:00:00,135741035,-0.010054788,0.320403353
2020-09-10 00:00:00,136716125,0.007183458,0.327586811
2020-09-11 00:00:00,136257245,-0.003356444,0.324230367
2020-09-14 00:00:00,136211265,-0.00033745,0.323892917
2020-09-15 00:00:00,136395960,0.001355945,0.325248862
2020-09-16 00:00:00,136672265,0.002025756,0.327274619
2020-09-17 00:00:00,135384705,-0.009420785,0.317853834
2020-09-18 00:00:00,135610875,0.001670573,0.319524406
2020-09-21 00:00:00,134800065,-0.005978945,0.313545461
2020-09-22 00:00:00,134797675,-1.773E-05,0.313527731
2020-09-23 00:00:00,135364325,0.004203708,0.317731439
2020-09-24 00:00:00,134406555,-0.007075498,0.310655941
2020-09-25 00:00:00,134802900,0.002948852,0.313604793
2020-09-28 00:00:00,135781290,0.00725793,0.320862722
2020-09-29 00:00:00,136267980,0.003584367,0.32444709
2020-10-05 00:00:00,136020305,-0.001817558,0.322629531
2020-10-06 00:00:00,136391940,0.002732202,0.325361734
2020-10-07 00:00:00,135935340,-0.003347705,0.322014029
2020-10-08 00:00:00,136618970,0.005029082,0.327043111
2020-10-12 00:00:00,137249185,0.004612939,0.33165605
2020-10-13 00:00:00,138088065,0.006112095,0.337768145
2020-10-14 00:00:00,138039265,-0.000353398,0.337414747
2020-10-15 00:00:00,137322275,-0.005194102,0.332220645
2020-10-16 00:00:00,137376160,0.000392398,0.332613043
2020-10-19 00:00:00,137417790,0.000303037,0.33291608
2020-10-20 00:00:00,136751030,-0.004852065,0.328064015
2020-10-21 00:00:00,136732375,-0.000136416,0.327927599
2020-10-22 00:00:00,136336315,-0.002896607,0.325030992
2020-10-23 00:00:00,136505405,0.001240242,0.326271234
2020-10-26 00:00:00,136306035,-0.001460528,0.324810706
2020-10-27 00:00:00,135995780,-0.002276165,0.322534541
2020-10-28 00:00:00,135900355,-0.000701676,0.321832865
2020-10-29 00:00:00,135072820,-0.006089278,0.315743587
2020-10-30 00:00:00,134273470,-0.005917919,0.309825668
2020-11-02 00:00:00,135164745,0.006637759,0.316463427
2020-11-03 00:00:00,136514155,0.009983446,0.326446874
2020-11-04 00:00:00,138819800,0.016889421,0.343336295
2020-11-05 00:00:00,140999755,0.015703488,0.359039782
2020-11-06 00:00:00,140428015,-0.004054901,0.354984882
2020-11-09 00:00:00,142337260,0.013595898,0.36858078
2020-11-10 00:00:00,140031355,-0.016200291,0.352380489
2020-11-11 00:00:00,140445790,0.002959587,0.355340076
2020-11-12 00:00:00,140766180,0.002281236,0.357621312
2020-11-13 00:00:00,141096320,0.002345308,0.35996662
2020-11-16 00:00:00,142480690,0.009811524,0.369778144
2020-11-17 00:00:00,142007675,-0.003319853,0.366458291
2020-11-18 00:00:00,142034020,0.000185518,0.366643809
2020-11-19 00:00:00,142600455,0.003988023,0.370631833
2020-11-20 00:00:00,143154030,0.003882,0.374513833
2020-11-23 00:00:00,143594335,0.003075743,0.377589576
2020-11-24 00:00:00,143698705,0.000726839,0.378316415
2020-11-25 00:00:00,143955085,0.00178415,0.380100565
2020-11-26 00:00:00,144789845,0.005798753,0.385899318
2020-11-27 00:00:00,145296785,0.003501212,0.38940053
2020-11-30 00:00:00,144829715,-0.003214593,0.386185937
2020-12-01 00:00:00,146142560,0.009064749,0.395250686
2020-12-02 00:00:00,146843405,0.004795626,0.400046312
2020-12-03 00:00:00,147544240,0.004772669,0.404818981
2020-12-04 00:00:00,148209010,0.004505564,0.409324545
2020-12-07 00:00:00,149578895,0.009242927,0.418567472
2020-12-08 00:00:00,148015560,-0.010451575,0.408115897
2020-12-09 00:00:00,149166250,0.007774115,0.415890012
2020-12-10 00:00:00,148666810,-0.00334821,0.412541801
2020-12-11 00:00:00,149121255,0.003056802,0.415598603
2020-12-14 00:00:00,149344090,0.001494321,0.417092924
2020-12-15 00:00:00,149421190,0.000516257,0.417609182
2020-12-16 00:00:00,150377140,0.006397687,0.424006869
2020-12-17 00:00:00,150828115,0.00299896,0.427005829
2020-12-18 00:00:00,151101025,0.001809411,0.428815239
2020-12-21 00:00:00,151966570,0.005728254,0.434543493
2020-12-22 00:00:00,150165420,-0.011852278,0.422691215
2020-12-23 00:00:00,150488085,0.00214873,0.424839945
2020-12-24 00:00:00,151110655,0.004137005,0.428976951
2020-12-28 00:00:00,152112720,0.006631333,0.435608283
2020-12-29 00:00:00,153477150,0.008969861,0.444578145
2020-12-30 00:00:00,153651595,0.001136619,0.445714763
2021-01-04 00:00:00,154059255,0.002653145,0.448367909
2021-01-05 00:00:00,153834745,-0.001457296,0.446910612
2021-01-06 00:00:00,153199840,-0.004127189,0.442783424
2021-01-07 00:00:00,154418880,0.007957188,0.450740612
2021-01-08 00:00:00,156669910,0.014577427,0.465318039
2021-01-11 00:00:00,156983105,0.001999076,0.467317115
2021-01-12 00:00:00,156490100,-0.003140497,0.464176618
2021-01-13 00:00:00,156536785,0.000298326,0.464474943
2021-01-14 00:00:00,156356465,-0.001151934,0.46332301
2021-01-15 00:00:00,154754910,-0.010242973,0.453080037
2021-01-18 00:00:00,153203600,-0.010024302,0.443055735
2021-01-19 00:00:00,154802795,0.010438364,0.453494099
2021-01-20 00:00:00,155951550,0.007420764,0.460914863
2021-01-21 00:00:00,157347815,0.008953197,0.46986806
2021-01-22 00:00:00,157056650,-0.001850455,0.468017606
2021-01-25 00:00:00,158928725,0.011919744,0.479937349
2021-01-26 00:00:00,157830765,-0.006908506,0.473028844
2021-01-27 00:00:00,157767960,-0.000397926,0.472630917
2021-01-28 00:00:00,155223660,-0.016126849,0.456504069
2021-01-29 00:00:00,153610195,-0.010394453,0.446109616
2021-02-01 00:00:00,155252380,0.010690599,0.456800215
2021-02-02 00:00:00,156821915,0.010109571,0.466909786
2021-02-03 00:00:00,157989350,0.007444336,0.474354122
2021-02-04 00:00:00,156852415,-0.007196276,0.467157846
2021-02-05 00:00:00,158275960,0.009075697,0.476233543
2021-02-08 00:00:00,157928915,-0.002192658,0.474040885
2021-02-09 00:00:00,157545465,-0.002427991,0.471612894
2021-02-10 00:00:00,157797000,0.001596587,0.473209481
2021-02-15 00:00:00,158852895,0.006691477,0.479900958
2021-02-16 00:00:00,158519365,-0.002099615,0.477801342
2021-02-17 00:00:00,157918535,-0.003790262,0.47401108
2021-02-18 00:00:00,156806830,-0.007039737,0.466971343
2021-02-19 00:00:00,156900230,0.000595637,0.46756698
2021-02-22 00:00:00,155735835,-0.007421245,0.460145735
2021-02-23 00:00:00,154458690,-0.008200714,0.451945022
2021-02-24 00:00:00,152311045,-0.013904333,0.438040689
2021-02-25 00:00:00,155510945,0.021008982,0.459049671
2021-02-26 00:00:00,152293245,-0.020691148,0.438358523
2021-03-02 00:00:00,154958525,0.017500973,0.455859496
2021-03-03 00:00:00,155026460,0.000438408,0.456297904
2021-03-04 00:00:00,152906290,-0.013676181,0.442621722
2021-03-05 00:00:00,152185895,-0.00471135,0.437910373
2021-03-08 00:00:00,151917465,-0.00176383,0.436146543
2021-03-09 00:00:00,151433270,-0.003187224,0.432959319
2021-03-10 00:00:00,152210575,0.005132987,0.438092306
2021-03-11 00:00:00,153811540,0.010518093,0.448610399
2021-03-12 00:00:00,154883445,0.00696895,0.455579349
2021-03-15 00:00:00,154498650,-0.002484417,0.453094933
2021-03-16 00:00:00,156077665,0.010220251,0.463315184
2021-03-17 00:00:00,155966490,-0.000712306,0.462602878
2021-03-18 00:00:00,156237910,0.001740246,0.464343124
2021-03-19 00:00:00,154698875,-0.009850586,0.454492538
2021-03-22 00:00:00,155275405,0.003726789,0.458219326
2021-03-23 00:00:00,155249855,-0.000164546,0.45805478
2021-03-24 00:00:00,155443990,0.001250468,0.459305248
2021-03-25 00:00:00,154991000,-0.002914169,0.456391079
2021-03-26 00:00:00,155333085,0.002207128,0.458598207
2021-03-29 00:00:00,155270505,-0.000402876,0.458195331
2021-03-30 00:00:00,155814090,0.00350089,0.461696222
2021-03-31 00:00:00,155342365,-0.003027486,0.458668735
2021-04-01 00:00:00,156671310,0.008554942,0.467223678
2021-04-02 00:00:00,157533710,0.005504518,0.472728196
2021-04-06 00:00:00,157747355,0.001356186,0.474084382
2021-04-07 00:00:00,157840440,0.000590089,0.474674471
2021-04-08 00:00:00,158781285,0.005960735,0.480635205
2021-04-09 00:00:00,159017850,0.00148988,0.482125085
2021-04-12 00:00:00,159688135,0.004215156,0.486340241
2021-04-13 00:00:00,160613420,0.005794325,0.492134566
2021-04-14 00:00:00,161087175,0.00294966,0.495084226
2021-04-15 00:00:00,160736710,-0.002175623,0.492908603
2021-04-16 00:00:00,161408375,0.004178666,0.497087269
2021-04-19 00:00:00,162076440,0.004138974,0.501226242
2021-04-20 00:00:00,161583465,-0.00304162,0.498184622
2021-04-21 00:00:00,160300685,-0.007938807,0.490245815
2021-04-22 00:00:00,161030600,0.004553412,0.494799226
2021-04-23 00:00:00,160406015,-0.003878673,0.490920554
2021-04-26 00:00:00,161198670,0.004941554,0.495862108
2021-04-27 00:00:00,160993175,-0.001274793,0.494587314
2021-04-28 00:00:00,159626575,-0.008488559,0.486098756
2021-04-29 00:00:00,158507715,-0.007009234,0.479089522
2021-04-30 00:00:00,158042850,-0.002932759,0.476156762
2021-05-03 00:00:00,158086595,0.000276792,0.476433554
2021-05-04 00:00:00,157973290,-0.000716727,0.475716827
2021-05-06 00:00:00,157508855,-0.002939959,0.472776868
2021-05-07 00:00:00,157976810,0.002970976,0.475747844
2021-05-10 00:00:00,158510995,0.003381414,0.479129258
2021-05-11 00:00:00,156861120,-0.010408584,0.468720674
2021-05-12 00:00:00,156518855,-0.002181962,0.466538712
2021-05-13 00:00:00,155510675,-0.006441269,0.460097443
2021-05-14 00:00:00,156294835,0.005042483,0.465139926
2021-05-17 00:00:00,157065295,0.00492953,0.470069456
2021-05-18 00:00:00,157325080,0.001653994,0.47172345
2021-05-20 00:00:00,156540250,-0.004988588,0.466734862
2021-05-21 00:00:00,157358530,0.005227282,0.471962143
2021-05-24 00:00:00,157123610,-0.001492897,0.470469247
2021-05-25 00:00:00,158093950,0.006175647,0.476644894
2021-05-26 00:00:00,157743715,-0.00221536,0.474429534
2021-05-27 00:00:00,157664445,-0.000502524,0.47392701
2021-05-28 00:00:00,157806265,0.000899505,0.474826516
2021-05-31 00:00:00,157797685,-5.43705E-05,0.474772145
2021-06-01 00:00:00,157744765,-0.000335366,0.474436779
2021-06-02 00:00:00,157780845,0.000228724,0.474665503
2021-06-03 00:00:00,158147605,0.00232449,0.476989993
2021-06-04 00:00:00,157613140,-0.003379533,0.47361046
2021-06-07 00:00:00,158320395,0.004487284,0.478097745
2021-06-08 00:00:00,158600385,0.001768502,0.479866247
2021-06-09 00:00:00,158340665,-0.001637575,0.478228672
2021-06-10 00:00:00,158397775,0.000360678,0.47858935
2021-06-11 00:00:00,158841825,0.002803385,0.481392736
2021-06-14 00:00:00,159176535,0.002107191,0.483499926
2021-06-15 00:00:00,159645905,0.002948739,0.486448665
2021-06-16 00:00:00,159451905,-0.001215189,0.485233476
2021-06-17 00:00:00,159172855,-0.001750057,0.483483418
2021-06-18 00:00:00,160104240,0.005851406,0.489334824
2021-06-21 00:00:00,159279940,-0.005148521,0.484186303
2021-06-22 00:00:00,159933885,0.004105633,0.488291937
2021-06-23 00:00:00,160748235,0.005091792,0.493383728
2021-06-24 00:00:00,160748660,2.64389E-06,0.493386372
2021-06-25 00:00:00,160805980,0.000356582,0.493742954
2021-06-28 00:00:00,160934600,0.000799846,0.494542799
2021-06-29 00:00:00,161133695,0.001237117,0.495779917
2021-06-30 00:00:00,161387760,0.001576734,0.497356651
2021-07-01 00:00:00,161486060,0.000609092,0.497965743
2021-07-02 00:00:00,161516105,0.000186053,0.498151796
2021-07-05 00:00:00,162073470,0.003450832,0.501602629
2021-07-06 00:00:00,162169975,0.00059544,0.502198068
2021-07-07 00:00:00,162440455,0.00166788,0.503865948
2021-07-08 00:00:00,162472675,0.00019835,0.504064298
2021-07-09 00:00:00,162029560,-0.00272732,0.501336978
2021-07-12 00:00:00,162674875,0.003982699,0.505319677
2021-07-13 00:00:00,163011490,0.00206925,0.507388927
2021-07-14 00:00:00,162958765,-0.000323443,0.507065483
2021-07-15 00:00:00,163033955,0.000461405,0.507526888
2021-07-16 00:00:00,162539875,-0.003030534,0.504496354
2021-07-19 00:00:00,161953100,-0.003610037,0.500886317
2021-07-20 00:00:00,161720615,-0.001435508,0.499450809
2021-07-21 00:00:00,162188145,0.002890973,0.502341782
2021-07-22 00:00:00,162823240,0.003915792,0.506257574
2021-07-23 00:00:00,163346595,0.003214252,0.509471826
2021-07-26 00:00:00,163585140,0.001460361,0.510932187
2021-07-27 00:00:00,163596040,6.6632E-05,0.510998819
2021-07-28 00:00:00,163337220,-0.001582068,0.509416752
2021-07-29 00:00:00,163198925,-0.000846684,0.508570068
2021-07-30 00:00:00,162588350,-0.003741293,0.504828775
2021-08-02 00:00:00,163347900,0.004671614,0.509500389
2021-08-03 00:00:00,163251400,-0.000590764,0.508909625
2021-08-04 00:00:00,163754765,0.003083373,0.511992998
2021-08-05 00:00:00,163623450,-0.0008019,0.511191098
2021-08-06 00:00:00,163786085,0.000993959,0.512185057
2021-08-09 00:00:00,163476860,-0.001887981,0.510297076
2021-08-10 00:00:00,163661925,0.001132056,0.511429132
2021-08-11 00:00:00,163509710,-0.000930057,0.510499075
2021-08-12 00:00:00,163539920,0.00018476,0.510683834
2021-08-13 00:00:00,163663310,0.000754495,0.511438329
2021-08-17 00:00:00,163764960,0.000621092,0.512059421
2021-08-18 00:00:00,163349160,-0.002539005,0.509520417
2021-08-19 00:00:00,162158525,-0.007288896,0.502231521
2021-08-20 00:00:00,162511545,0.002177005,0.504408526
2021-08-23 00:00:00,163358485,0.005211568,0.509620095
2021-08-24 00:00:00,164135720,0.004757849,0.514377943
2021-08-25 00:00:00,164305425,0.001033931,0.515411874
2021-08-26 00:00:00,164180890,-0.000757948,0.514653926
2021-08-27 00:00:00,164093355,-0.000533162,0.514120764
2021-08-30 00:00:00,164492580,0.002432914,0.516553678
2021-08-31 00:00:00,165405530,0.005550098,0.522103777
2021-09-01 00:00:00,165249800,-0.000941504,0.521162272
2021-09-02 00:00:00,165045475,-0.001236461,0.519925811
2021-09-03 00:00:00,165179285,0.000810746,0.520736557
2021-09-06 00:00:00,165394070,0.001300314,0.522036872
2021-09-07 00:00:00,165303790,-0.000545848,0.521491024
2021-09-08 00:00:00,165185165,-0.000717618,0.520773406
2021-09-09 00:00:00,164521300,-0.004018914,0.516754491
2021-09-10 00:00:00,164690520,0.00102856,0.517783051
2021-09-13 00:00:00,164505300,-0.001124655,0.516658396
2021-09-14 00:00:00,164467530,-0.000229597,0.516428799
2021-09-15 00:00:00,164255590,-0.001288643,0.515140155
2021-09-16 00:00:00,164454820,0.001212927,0.516353082
2021-09-17 00:00:00,164695305,0.001462317,0.517815399
2021-09-23 00:00:00,163560200,-0.006892152,0.510923247
2021-09-24 00:00:00,163911750,0.002149362,0.513072609
2021-09-27 00:00:00,164386375,0.002895613,0.515968222
2021-09-28 00:00:00,163504780,-0.005362944,0.510605277
2021-09-29 00:00:00,162223905,-0.007833869,0.502771408
2021-09-30 00:00:00,162493100,0.001659404,0.504430812
2021-10-01 00:00:00,160898040,-0.009816171,0.494614642
2021-10-05 00:00:00,160465425,-0.002688752,0.491925889
2021-10-06 00:00:00,160482135,0.000104135,0.492030024
2021-10-07 00:00:00,161983510,0.009355403,0.501385427
2021-10-08 00:00:00,162052560,0.000426278,0.501811705
2021-10-12 00:00:00,160878865,-0.007242681,0.494569024
2021-10-13 00:00:00,160980290,0.000630443,0.495199467
2021-10-14 00:00:00,161757665,0.004829007,0.500028474
2021-10-15 00:00:00,162755775,0.006170403,0.506198877
2021-10-18 00:00:00,162774850,0.0001172,0.506316077
2021-10-19 00:00:00,163490250,0.004395028,0.510711105
2021-10-20 00:00:00,163500335,6.16856E-05,0.510772791
2021-10-21 00:00:00,163521275,0.000128073,0.510900864
2021-10-22 00:00:00,163795185,0.001675073,0.512575937
2021-10-25 00:00:00,163560965,-0.001429957,0.51114598
2021-10-26 00:00:00,164357855,0.004872128,0.516018108
2021-10-27 00:00:00,164195890,-0.000985441,0.515032667
2021-10-28 00:00:00,164072830,-0.000749471,0.514283196
2021-10-29 00:00:00,163746290,-0.001990214,0.512292983
2021-11-01 00:00:00,164746165,0.006106245,0.518399228
2021-11-02 00:00:00,165002340,0.001554968,0.519954196
2021-11-03 00:00:00,165216390,0.001297254,0.52125145
2021-11-04 00:00:00,166080490,0.005230111,0.526481561
2021-11-05 00:00:00,166709615,0.003788073,0.530269634
2021-11-08 00:00:00,166611020,-0.000591418,0.529678216
2021-11-09 00:00:00,166595000,-9.61521E-05,0.529582064
2021-11-10 00:00:00,166080980,-0.003085447,0.526496617
2021-11-11 00:00:00,165621850,-0.002764495,0.523732123
2021-11-12 00:00:00,165829640,0.001254605,0.524986728
2021-11-15 00:00:00,166603915,0.004669099,0.529655826
2021-11-16 00:00:00,166424900,-0.001074495,0.528581332
2021-11-17 00:00:00,166687555,0.001578219,0.530159551
2021-11-18 00:00:00,166703255,9.41882E-05,0.530253739
2021-11-19 00:00:00,167560045,0.005139612,0.535393351
2021-11-22 00:00:00,167945200,0.002298609,0.53769196
2021-11-23 00:00:00,167014660,-0.005540736,0.532151224
2021-11-24 00:00:00,167113060,0.00058917,0.532740394
2021-11-25 00:00:00,167460300,0.002077875,0.534818269
2021-11-26 00:00:00,166512895,-0.00565749,0.529160778
2021-11-29 00:00:00,166173780,-0.002036569,0.527124209
2021-11-30 00:00:00,165804455,-0.002222523,0.524901687
2021-12-01 00:00:00,166147515,0.002069064,0.526970751
2021-12-02 00:00:00,164868715,-0.007696775,0.519273976
2021-12-03 00:00:00,165541885,0.004083067,0.523357043
2021-12-06 00:00:00,165009200,-0.003217826,0.520139217
2021-12-07 00:00:00,165844700,0.005063354,0.525202571
2021-12-08 00:00:00,167346450,0.009055158,0.534257729
2021-12-09 00:00:00,167275630,-0.000423194,0.533834535
2021-12-10 00:00:00,166717150,-0.003338681,0.530495854
2021-12-13 00:00:00,167622365,0.005429645,0.535925499
2021-12-14 00:00:00,166665230,-0.005710067,0.530215432
2021-12-15 00:00:00,166197215,-0.002808114,0.527407318
2021-12-16 00:00:00,167757510,0.009388214,0.536795531
2021-12-17 00:00:00,166205745,-0.009250048,0.527545484
2021-12-20 00:00:00,164938455,-0.007624827,0.519920657
2021-12-21 00:00:00,165840955,0.005471738,0.525392395
2021-12-22 00:00:00,166554690,0.004303732,0.529696127
2021-12-23 00:00:00,167269520,0.004291864,0.53398799
2021-12-24 00:00:00,167814780,0.003259769,0.537247759
2021-12-27 00:00:00,167828575,8.22037E-05,0.537329963
2021-12-28 00:00:00,168883295,0.006284508,0.543614471
2021-12-29 00:00:00,168839140,-0.000261453,0.543353018
2021-12-30 00:00:00,168641650,-0.001169693,0.542183325
2022-01-04 00:00:00,168984050,0.002030341,0.544213666
2022-01-05 00:00:00,167898680,-0.006422914,0.537790752
2022-01-06 00:00:00,165963720,-0.011524569,0.526266182
2022-01-07 00:00:00,166632090,0.004027205,0.530293388
2022-01-10 00:00:00,165971500,-0.003964362,0.526329025
2022-01-11 00:00:00,165706125,-0.001598919,0.524730106
2022-01-12 00:00:00,166889660,0.007142373,0.531872479
2022-01-13 00:00:00,166772320,-0.000703099,0.53116938
2022-01-14 00:00:00,165293105,-0.008869667,0.522299713
2022-01-17 00:00:00,165209830,-0.000503802,0.521795911
2022-01-18 00:00:00,164734365,-0.002877946,0.518917965
2022-01-19 00:00:00,163366855,-0.008301304,0.510616661
2022-01-20 00:00:00,163459285,0.000565782,0.511182443
2022-01-21 00:00:00,161823540,-0.010007049,0.501175394
2022-01-24 00:00:00,161209600,-0.003793886,0.497381509
2022-01-25 00:00:00,159839250,-0.008500424,0.488881084
2022-01-26 00:00:00,159686910,-0.000953083,0.487928002
2022-01-27 00:00:00,158003890,-0.010539499,0.477388503
2022-01-28 00:00:00,159474115,0.009304992,0.486693495
2022-02-03 00:00:00,162440475,0.018600887,0.505294382
2022-02-04 00:00:00,162382140,-0.000359116,0.504935266
2022-02-07 00:00:00,161765060,-0.003800172,0.501135095
2022-02-08 00:00:00,161318105,-0.002762988,0.498372106
2022-02-09 00:00:00,162445690,0.006989823,0.505361929
2022-02-10 00:00:00,163366590,0.005668972,0.511030901
2022-02-11 00:00:00,161321115,-0.012520767,0.498510134
2022-02-15 00:00:00,159904990,-0.008778299,0.489731835
2022-02-16 00:00:00,161326410,0.008889153,0.498620988
2022-02-17 00:00:00,161292385,-0.000210908,0.49841008
2022-02-18 00:00:00,160240035,-0.006524487,0.491885594
2022-02-21 00:00:00,159536390,-0.004391193,0.4874944
2022-02-22 00:00:00,157759655,-0.011136864,0.476357537
2022-02-23 00:00:00,158774405,0.006432253,0.48278979
2022-02-24 00:00:00,155491580,-0.020676034,0.462113756
2022-02-25 00:00:00,158109810,0.016838404,0.478952159
2022-02-28 00:00:00,158518165,0.00258273,0.48153489
2022-03-02 00:00:00,159178045,0.004162804,0.485697693
2022-03-03 00:00:00,160459100,0.008047938,0.493745631
2022-03-04 00:00:00,159505895,-0.005940486,0.487805145
2022-03-07 00:00:00,158074750,-0.008972364,0.478832781
2022-03-08 00:00:00,156188255,-0.011934196,0.466898585
2022-03-10 00:00:00,158441460,0.014426213,0.481324798
2022-03-11 00:00:00,158194545,-0.001558399,0.479766399
2022-03-14 00:00:00,157675785,-0.003279253,0.476487146
2022-03-15 00:00:00,156454320,-0.007746687,0.468740458
2022-03-16 00:00:00,158490120,0.013012105,0.481752563
2022-03-17 00:00:00,159729235,0.007818248,0.489570811
2022-03-18 00:00:00,159969575,0.001504671,0.491075482
2022-03-21 00:00:00,160974045,0.006279132,0.497354614
2022-03-22 00:00:00,161159180,0.001150092,0.498504706
2022-03-23 00:00:00,162466765,0.008113624,0.50661833
2022-03-24 00:00:00,161823070,-0.00396201,0.50265632
2022-03-25 00:00:00,162779415,0.005909819,0.508566138
2022-03-28 00:00:00,162552485,-0.001394095,0.507172043
2022-03-29 00:00:00,163662890,0.006831055,0.514003098
2022-03-30 00:00:00,164380325,0.004383614,0.518386713
2022-03-31 00:00:00,164088420,-0.00177579,0.516610922
2022-04-01 00:00:00,163075275,-0.006174385,0.510436538
2022-04-04 00:00:00,163056720,-0.000113782,0.510322756
2022-04-05 00:00:00,163701345,0.003953379,0.514276135
2022-04-06 00:00:00,162525510,-0.007182806,0.507093329
2022-04-07 00:00:00,161391475,-0.006977582,0.500115747
2022-04-08 00:00:00,161897335,0.003134366,0.503250114
2022-04-11 00:00:00,160920850,-0.006031508,0.497218606
2022-04-12 00:00:00,159710700,-0.007520157,0.489698449
2022-04-13 00:00:00,160342305,0.003954682,0.493653131
2022-04-14 00:00:00,160919520,0.003599892,0.497253023
2022-04-15 00:00:00,159852255,-0.00663229,0.490620733
2022-04-18 00:00:00,159238080,-0.003842142,0.486778591
2022-04-19 00:00:00,160190340,0.005980102,0.492758694
2022-04-20 00:00:00,160544615,0.002211588,0.494970281
2022-04-21 00:00:00,161064165,0.003236172,0.498206453
2022-04-22 00:00:00,159413055,-0.010251256,0.487955197
2022-04-25 00:00:00,157409225,-0.01257005,0.475385148
2022-04-26 00:00:00,158521175,0.007064071,0.482449219
2022-04-27 00:00:00,157086395,-0.009051031,0.473398189
2022-04-28 00:00:00,157526450,0.002801357,0.476199545
2022-04-29 00:00:00,158073860,0.003475035,0.479674581
2022-05-03 00:00:00,156976980,-0.006939035,0.472735546
2022-05-04 00:00:00,157026300,0.000314186,0.473049732
2022-05-06 00:00:00,156541385,-0.003088113,0.469961619
2022-05-10 00:00:00,155238730,-0.008321474,0.461640145
2022-05-11 00:00:00,155456620,0.00140358,0.463043725
2022-05-12 00:00:00,154301520,-0.007430369,0.455613357
2022-05-13 00:00:00,154671670,0.002398875,0.458012231
2022-05-16 00:00:00,155101070,0.002776203,0.460788435
2022-05-17 00:00:00,155223165,0.000787196,0.461575631
2022-05-18 00:00:00,155653100,0.002769786,0.464345417
2022-05-19 00:00:00,153878225,-0.01140276,0.452942657
2022-05-20 00:00:00,154004150,0.000818342,0.453760999
2022-05-23 00:00:00,153786560,-0.001412884,0.452348115
2022-05-24 00:00:00,153693880,-0.000602653,0.451745461
2022-05-25 00:00:00,153899460,0.001337594,0.453083055
2022-05-26 00:00:00,154081420,0.00118233,0.454265386
2022-05-27 00:00:00,155045440,0.006256562,0.460521948
2022-05-30 00:00:00,156628890,0.010212812,0.47073476
2022-05-31 00:00:00,156044115,-0.003733507,0.467001254
2022-06-02 00:00:00,155588975,-0.002916739,0.464084514
2022-06-03 00:00:00,156499185,0.005850093,0.469934608
2022-06-07 00:00:00,155536640,-0.006150479,0.463784128
2022-06-08 00:00:00,156025720,0.003144468,0.466928596
2022-06-09 00:00:00,155716570,-0.001981404,0.464947192
2022-06-10 00:00:00,155034900,-0.004377633,0.460569559
2022-06-13 00:00:00,152544710,-0.016062125,0.444507434
2022-06-14 00:00:00,152226890,-0.002083455,0.442423979
2022-06-15 00:00:00,151688120,-0.003539256,0.438884723
2022-06-16 00:00:00,151857865,0.00111904,0.440003762
2022-06-17 00:00:00,150835105,-0.006734982,0.43326878
2022-06-20 00:00:00,151118345,0.001877812,0.435146592
2022-06-21 00:00:00,151525245,0.002692592,0.437839184
2022-06-22 00:00:00,151597135,0.000474442,0.438313626
2022-06-23 00:00:00,152142645,0.003598419,0.441912045
2022-06-24 00:00:00,153143675,0.006579549,0.448491594
2022-06-27 00:00:00,153949310,0.005260648,0.453752243
2022-06-28 00:00:00,153901745,-0.000308965,0.453443277
2022-06-29 00:00:00,152808935,-0.007100699,0.446342578
2022-06-30 00:00:00,152311605,-0.003254587,0.443087991
2022-07-01 00:00:00,152081535,-0.001510522,0.441577469
2022-07-04 00:00:00,152671110,0.003876703,0.445454173
2022-07-05 00:00:00,153307535,0.004168601,0.449622774
2022-07-06 00:00:00,153516675,0.001364186,0.45098696
2022-07-07 00:00:00,153941880,0.002769764,0.453756724
2022-07-08 00:00:00,154363775,0.002740612,0.456497336
2022-07-11 00:00:00,154190600,-0.001121863,0.455375474
2022-07-12 00:00:00,153770965,-0.002721534,0.452653939
2022-07-13 00:00:00,153728590,-0.000275572,0.452378367
2022-07-14 00:00:00,153294965,-0.002820718,0.449557649
2022-07-15 00:00:00,153916710,0.004055874,0.453613523
2022-07-18 00:00:00,154861385,0.006137573,0.459751095
2022-07-19 00:00:00,154210175,-0.004205115,0.45554598
2022-07-20 00:00:00,155561380,0.0087621,0.46430808
2022-07-21 00:00:00,155825900,0.001700422,0.466008502
2022-07-22 00:00:00,156262910,0.002804476,0.468812978
2022-07-25 00:00:00,155919525,-0.002197482,0.466615496
2022-07-26 00:00:00,155658225,-0.001675865,0.464939631
2022-07-27 00:00:00,155725090,0.000429563,0.465369194
2022-07-28 00:00:00,156392445,0.004285469,0.469654663
2022-07-29 00:00:00,157701875,0.008372719,0.478027382
2022-08-01 00:00:00,157773135,0.000451865,0.478479247
2022-08-02 00:00:00,157789165,0.000101602,0.478580849
2022-08-03 00:00:00,157940245,0.00095748,0.479538329
2022-08-04 00:00:00,158751695,0.005137703,0.484676031
2022-08-05 00:00:00,158856175,0.000658135,0.485334166
2022-08-08 00:00:00,158732630,-0.000777716,0.48455645
2022-08-09 00:00:00,158541840,-0.001201958,0.483354492
2022-08-10 00:00:00,158084760,-0.002883024,0.480471467
2022-08-11 00:00:00,159420450,0.008449202,0.488920669
2022-08-12 00:00:00,159163655,-0.001610803,0.487309866
2022-08-16 00:00:00,160421560,0.007903218,0.495213083
2022-08-17 00:00:00,160522570,0.000629654,0.495842737
2022-08-18 00:00:00,160081890,-0.002745284,0.493097453
2022-08-19 00:00:00,160216790,0.000842694,0.493940147
2022-08-22 00:00:00,159468445,-0.004670828,0.489269319
2022-08-23 00:00:00,158369950,-0.006888479,0.48238084
2022-08-24 00:00:00,158424565,0.000344857,0.482725697
2022-08-25 00:00:00,158687900,0.001662211,0.484387908
2022-08-26 00:00:00,158808980,0.000763007,0.485150915
2022-08-29 00:00:00,156802270,-0.012635998,0.472514917
2022-08-30 00:00:00,157085185,0.001804279,0.474319196
2022-08-31 00:00:00,156481825,-0.003840973,0.470478222
2022-09-01 00:00:00,155633390,-0.00542194,0.465056283
2022-09-02 00:00:00,156404070,0.004951894,0.470008176
2022-09-05 00:00:00,156346755,-0.000366455,0.469641722
2022-09-06 00:00:00,156348900,1.37195E-05,0.469655441
2022-09-07 00:00:00,155998220,-0.002242932,0.467412509
2022-09-08 00:00:00,157191490,0.007649254,0.475061763
2022-09-13 00:00:00,158751590,0.009924838,0.4849866
2022-09-14 00:00:00,156627480,-0.013380086,0.471606514
2022-09-15 00:00:00,156697660,0.00044807,0.472054583
2022-09-16 00:00:00,155666905,-0.006577986,0.465476598
2022-09-19 00:00:00,155440775,-0.001452653,0.464023945
2022-09-20 00:00:00,156011405,0.003671044,0.467694989
2022-09-21 00:00:00,155441520,-0.003652842,0.464042147
2022-09-22 00:00:00,154539855,-0.00580067,0.458241477
2022-09-23 00:00:00,154052460,-0.003153847,0.45508763
2022-09-26 00:00:00,152990935,-0.006890672,0.448196958
2022-09-27 00:00:00,153633485,0.004199922,0.45239688
2022-09-28 00:00:00,153173790,-0.002992154,0.449404726
2022-09-29 00:00:00,153806550,0.004130994,0.45353572
2022-09-30 00:00:00,153245420,-0.003648284,0.449887436
2022-10-04 00:00:00,154125500,0.005742945,0.455630381
2022-10-05 00:00:00,154494835,0.002396326,0.458026707
2022-10-06 00:00:00,154636245,0.000915306,0.458942013
2022-10-07 00:00:00,153860495,-0.005016612,0.453925401
2022-10-11 00:00:00,152343855,-0.009857241,0.44406816
2022-10-12 00:00:00,152515080,0.001123938,0.445192098
2022-10-13 00:00:00,151988160,-0.003454871,0.441737226
2022-10-14 00:00:00,153354400,0.008989121,0.450726348
2022-10-17 00:00:00,152324915,-0.00671311,0.444013237
2022-10-18 00:00:00,153878420,0.010198627,0.454211865
2022-10-19 00:00:00,153731705,-0.000953448,0.453258417
2022-10-20 00:00:00,153075325,-0.004269646,0.448988771
2022-10-21 00:00:00,152661510,-0.002703342,0.446285428
2022-10-24 00:00:00,154388170,0.011310382,0.45759581
2022-10-25 00:00:00,154856170,0.00303132,0.460627131
2022-10-26 00:00:00,154816120,-0.000258627,0.460368504
2022-10-27 00:00:00,154937340,0.000782993,0.461151497
2022-10-28 00:00:00,153831855,-0.007135046,0.454016451
2022-10-31 00:00:00,155399735,0.010192167,0.464208619
2022-11-01 00:00:00,155722010,0.002073845,0.466282464
2022-11-02 00:00:00,154801915,-0.005908574,0.46037389
2022-11-03 00:00:00,152547105,-0.014565776,0.445808114
2022-11-04 00:00:00,152150250,-0.002601524,0.44320659
2022-11-07 00:00:00,152569095,0.002752838,0.445959428
2022-11-08 00:00:00,153893225,0.008678887,0.454638315
2022-11-09 00:00:00,153970470,0.000501939,0.455140254
2022-11-10 00:00:00,152550410,-0.009222937,0.445917317
2022-11-11 00:00:00,157626795,0.033276771,0.479194088
2022-11-14 00:00:00,157296990,-0.002092316,0.477101772
2022-11-15 00:00:00,158484730,0.007550939,0.484652711
2022-11-16 00:00:00,158725845,0.001521377,0.486174088
2022-11-17 00:00:00,157994990,-0.004604512,0.481569576
2022-11-18 00:00:00,157039375,-0.006048388,0.475521188
2022-11-21 00:00:00,156523425,-0.003285482,0.472235707
2022-11-22 00:00:00,155746790,-0.004961781,0.467273925
2022-11-23 00:00:00,157216380,0.009435764,0.47670969
2022-11-24 00:00:00,158096570,0.00559859,0.482308279
2022-11-25 00:00:00,157592590,-0.003187798,0.479120481
2022-11-28 00:00:00,156077485,-0.009614062,0.469506418
2022-11-29 00:00:00,156515435,0.002805978,0.472312396
2022-11-30 00:00:00,156189090,-0.002085066,0.470227331
2022-12-01 00:00:00,158719640,0.016201836,0.486429166
2022-12-02 00:00:00,157376410,-0.00846291,0.477966257
2022-12-05 00:00:00,157176040,-0.00127319,0.476693067
2022-12-06 00:00:00,156001080,-0.00747544,0.469217627
2022-12-07 00:00:00,154878950,-0.007193091,0.462024536
2022-12-08 00:00:00,154577345,-0.00194736,0.460077177
2022-12-09 00:00:00,155489875,0.005903388,0.465980564
2022-12-12 00:00:00,154538555,-0.006118212,0.459862352
2022-12-13 00:00:00,155268785,0.004725229,0.464587581
2022-12-14 00:00:00,156778065,0.009720434,0.474308015
2022-12-15 00:00:00,155529870,-0.007961541,0.466346474
2022-12-16 00:00:00,153428085,-0.013513706,0.452832768
2022-12-19 00:00:00,152897510,-0.003458135,0.449374633
2022-12-20 00:00:00,150589590,-0.015094556,0.434280077
2022-12-21 00:00:00,151250705,0.004390177,0.438670254
2022-12-22 00:00:00,152787515,0.01016068,0.448830934
2022-12-23 00:00:00,150029185,-0.018053373,0.430777561
2022-12-26 00:00:00,150723630,0.004628733,0.435406294
2022-12-27 00:00:00,151508165,0.005205123,0.440611417
2022-12-28 00:00:00,149454015,-0.013558015,0.427053402
2022-12-29 00:00:00,147901980,-0.010384699,0.416668702
